"callerId","noCallsMade","langId","n.x","con_play","con_replay","adjusted_con","ratio","noContentListened","caller_lifetime","day","month","year","last_day","last_month","last_year","n.y"
8690,7110,1,2141,112,10,102,0.0143459915611814,424,5.75,23,6,2014.5,25,3,2020.25,2141
10211,107,1,41,6,3,3,0.0280373831775701,135,5,3,7,2014.58333333333,15,7,2019.58333333333,41
13512,127,1,58,3,0,3,0.0236220472440945,169,5.66666666666674,6,7,2014.58333333333,19,3,2020.25,58
14706,47,1,52,5,1,4,0.0851063829787234,70,5.16666666666674,8,7,2014.58333333333,7,9,2019.75,52
16066,120,1,82,4,1,3,0.025,85,5.58333333333348,9,7,2014.58333333333,14,2,2020.16666666667,82
20383,136,2,96,8,3,5,0.0367647058823529,172,5.5,11,7,2014.58333333333,9,1,2020.08333333333,96
20507,84,2,90,4,1,3,0.0357142857142857,54,5.66666666666674,11,7,2014.58333333333,25,3,2020.25,90
20562,57,1,39,4,0,4,0.0701754385964912,51,5.33333333333348,11,7,2014.58333333333,20,11,2019.91666666667,39
21948,77,5,321,42,9,33,0.428571428571429,110,5.66666666666674,12,7,2014.58333333333,6,3,2020.25,321
24688,220,1,55,7,1,6,0.0272727272727273,230,5.16666666666674,14,7,2014.58333333333,26,9,2019.75,55
25061,34,1,12,1,0,1,0.0294117647058824,67,4.75,15,7,2014.58333333333,15,4,2019.33333333333,12
27934,59,2,215,29,6,23,0.389830508474576,78,5.66666666666674,17,7,2014.58333333333,27,3,2020.25,215
30487,74,2,30,0,0,0,0,71,4.5,21,7,2014.58333333333,14,1,2019.08333333333,30
30822,215,1,89,9,0,9,0.0418604651162791,285,5.33333333333348,21,7,2014.58333333333,16,11,2019.91666666667,89
33341,79,2,17,2,0,2,0.0253164556962025,65,4.91666666666674,24,7,2014.58333333333,13,6,2019.5,17
37565,143,1,19,0,0,0,0,223,4.83333333333348,26,7,2014.58333333333,28,5,2019.41666666667,19
42923,70,2,35,3,0,3,0.0428571428571429,78,5.66666666666674,30,7,2014.58333333333,3,3,2020.25,35
44162,87,2,31,2,0,2,0.0229885057471264,91,5.66666666666674,30,7,2014.58333333333,11,3,2020.25,31
45362,29,1,173,13,0,13,0.448275862068966,72,5.66666666666674,31,7,2014.58333333333,3,3,2020.25,173
47522,901,2,3834,27,5,22,0.0244173140954495,72,5.58333333333326,1,8,2014.66666666667,18,3,2020.25,3834
47934,75,2,88,7,1,6,0.08,58,4.75,1,8,2014.66666666667,15,5,2019.41666666667,88
48202,62,2,43,4,0,4,0.0645161290322581,65,5.58333333333326,1,8,2014.66666666667,1,3,2020.25,43
49115,211,1,285,15,1,14,0.0663507109004739,283,5.33333333333326,2,8,2014.66666666667,7,12,2020,285
51097,47,2,31,5,2,3,0.0638297872340425,55,5.58333333333326,3,8,2014.66666666667,25,3,2020.25,31
52310,62,2,24,5,2,3,0.0483870967741935,54,4.75,4,8,2014.66666666667,15,5,2019.41666666667,24
53215,212,2,38,3,0,3,0.0141509433962264,222,5.08333333333326,5,8,2014.66666666667,3,9,2019.75,38
55190,128,2,67,11,1,10,0.078125,115,5.5,6,8,2014.66666666667,9,2,2020.16666666667,67
57496,598,1,2039,271,78,193,0.322742474916388,1001,5.58333333333326,6,8,2014.66666666667,27,3,2020.25,2039
60717,95,1,23,1,0,1,0.0105263157894737,56,4.5,7,8,2014.66666666667,26,2,2019.16666666667,23
61255,30,2,20,5,0,5,0.166666666666667,58,5.25,7,8,2014.66666666667,1,11,2019.91666666667,20
69377,73,2,24,2,0,2,0.0273972602739726,87,5.5,8,8,2014.66666666667,14,2,2020.16666666667,24
72521,68,2,23,3,1,2,0.0294117647058824,68,4.33333333333326,8,8,2014.66666666667,18,12,2019,23
72775,306,2,672,80,23,57,0.186274509803922,357,5.5,8,8,2014.66666666667,25,2,2020.16666666667,672
73138,103,2,39,0,0,0,0,91,5.58333333333326,8,8,2014.66666666667,25,3,2020.25,39
73413,523,2,50,3,1,2,0.00382409177820268,169,5.58333333333326,8,8,2014.66666666667,24,3,2020.25,50
75949,187,1,287,9,3,6,0.0320855614973262,96,5.41666666666652,8,8,2014.66666666667,10,1,2020.08333333333,287
77792,61,1,52,6,1,5,0.0819672131147541,52,5.5,9,8,2014.66666666667,14,2,2020.16666666667,52
78779,204,2,270,20,5,15,0.0735294117647059,128,5.58333333333326,9,8,2014.66666666667,29,3,2020.25,270
80207,65,1,23,0,0,0,0,61,5,9,8,2014.66666666667,10,8,2019.66666666667,23
83956,49,1,13,0,0,0,0,63,NA,9,8,2014.66666666667,17,15,NA,13
88181,99,1,168,25,10,15,0.151515151515152,132,5.58333333333326,10,8,2014.66666666667,5,3,2020.25,168
90662,119,2,97,1,0,1,0.00840336134453781,66,3.91666666666652,10,8,2014.66666666667,24,7,2018.58333333333,97
91347,76,2,133,27,11,16,0.210526315789474,198,5.5,10,8,2014.66666666667,4,2,2020.16666666667,133
92630,35,2,35,2,0,2,0.0571428571428571,50,4.75,10,8,2014.66666666667,22,5,2019.41666666667,35
93526,534,5,801,69,13,56,0.104868913857678,163,5.41666666666652,11,8,2014.66666666667,12,1,2020.08333333333,801
99411,50,2,11,1,1,0,0,53,5.33333333333326,11,8,2014.66666666667,5,12,2020,11
100309,110,1,59,2,0,2,0.0181818181818182,111,5.58333333333326,11,8,2014.66666666667,28,3,2020.25,59
103839,85,1,166,12,1,11,0.129411764705882,79,5.58333333333326,12,8,2014.66666666667,24,3,2020.25,166
108864,57,1,60,7,2,5,0.087719298245614,72,4.66666666666652,13,8,2014.66666666667,4,4,2019.33333333333,60
110618,227,2,61,7,3,4,0.0176211453744493,143,5.41666666666652,13,8,2014.66666666667,6,1,2020.08333333333,61
111214,72,1,141,8,1,7,0.0972222222222222,81,4.83333333333326,13,8,2014.66666666667,30,6,2019.5,141
122760,42,2,2,0,0,0,0,70,4.83333333333326,14,8,2014.66666666667,25,6,2019.5,2
127186,71,1,14,1,0,1,0.0140845070422535,83,NA,15,8,2014.66666666667,19,17,NA,14
132200,73,2,11,0,0,0,0,54,5.5,16,8,2014.66666666667,24,2,2020.16666666667,11
133169,152,1,56,8,1,7,0.0460526315789474,104,5.58333333333326,16,8,2014.66666666667,2,3,2020.25,56
141085,94,1,9,0,0,0,0,65,5.58333333333326,17,8,2014.66666666667,25,3,2020.25,9
141295,33,1,28,3,0,3,0.0909090909090909,54,4.25,17,8,2014.66666666667,7,11,2018.91666666667,28
147481,147,1,674,60,9,51,0.346938775510204,162,4.91666666666652,18,8,2014.66666666667,18,7,2019.58333333333,674
148607,662,2,90,3,0,3,0.00453172205438067,398,5.5,18,8,2014.66666666667,18,2,2020.16666666667,90
151084,33,1,10,0,0,0,0,68,5.41666666666652,18,8,2014.66666666667,9,1,2020.08333333333,10
153223,25,2,11,2,1,1,0.04,64,4.66666666666652,19,8,2014.66666666667,23,4,2019.33333333333,11
155333,38,1,71,9,3,6,0.157894736842105,54,5.33333333333326,19,8,2014.66666666667,2,12,2020,71
159211,52,2,338,44,10,34,0.653846153846154,81,5.58333333333326,19,8,2014.66666666667,24,3,2020.25,338
160815,40,1,6,0,0,0,0,56,5.5,20,8,2014.66666666667,15,2,2020.16666666667,6
169057,228,5,105,10,2,8,0.0350877192982456,92,5.58333333333326,21,8,2014.66666666667,21,3,2020.25,105
169808,57,1,50,2,0,2,0.0350877192982456,69,NA,21,8,2014.66666666667,10,17,NA,50
170174,165,2,187,18,5,13,0.0787878787878788,310,5.33333333333326,21,8,2014.66666666667,15,12,2020,187
174334,33,1,1517,287,8,279,8.45454545454546,65,5.5,21,8,2014.66666666667,10,2,2020.16666666667,1517
174345,87,5,26,5,2,3,0.0344827586206897,90,5.33333333333326,21,8,2014.66666666667,7,12,2020,26
174847,52,2,11,1,0,1,0.0192307692307692,79,4.83333333333326,22,8,2014.66666666667,6,6,2019.5,11
177417,43,1,21,2,1,1,0.0232558139534884,65,5.08333333333326,22,8,2014.66666666667,27,9,2019.75,21
177911,78,1,18,2,0,2,0.0256410256410256,81,5.58333333333326,22,8,2014.66666666667,27,3,2020.25,18
180490,86,1,208,16,1,15,0.174418604651163,109,5.58333333333326,22,8,2014.66666666667,14,3,2020.25,208
180958,97,2,21,0,0,0,0,89,5.41666666666652,22,8,2014.66666666667,3,1,2020.08333333333,21
182920,95,1,27,2,1,1,0.0105263157894737,79,5.5,23,8,2014.66666666667,23,2,2020.16666666667,27
184346,46,2,3,0,0,0,0,116,4.75,23,8,2014.66666666667,28,5,2019.41666666667,3
192520,98,2,16,1,0,1,0.0102040816326531,56,5.16666666666652,24,8,2014.66666666667,29,10,2019.83333333333,16
197550,77,2,27,1,0,1,0.012987012987013,67,5.33333333333326,25,8,2014.66666666667,29,12,2020,27
197717,87,2,5,0,0,0,0,67,5,25,8,2014.66666666667,6,8,2019.66666666667,5
198026,82,2,129,10,1,9,0.109756097560976,84,5.58333333333326,25,8,2014.66666666667,24,3,2020.25,129
198438,27,1,7,0,0,0,0,65,4.83333333333326,25,8,2014.66666666667,14,6,2019.5,7
204772,102,2,323,40,10,30,0.294117647058824,129,5.58333333333326,26,8,2014.66666666667,11,3,2020.25,323
205436,92,2,345,34,6,28,0.304347826086957,53,5.58333333333326,26,8,2014.66666666667,18,3,2020.25,345
205822,32,1,86,7,3,4,0.125,61,5.41666666666652,26,8,2014.66666666667,29,1,2020.08333333333,86
206866,104,1,26,2,1,1,0.00961538461538462,146,5.08333333333326,26,8,2014.66666666667,23,9,2019.75,26
208070,57,1,12,0,0,0,0,104,5.58333333333326,26,8,2014.66666666667,28,3,2020.25,12
212069,158,1,430,55,7,48,0.30379746835443,187,5.5,27,8,2014.66666666667,12,2,2020.16666666667,430
212210,53,1,84,9,1,8,0.150943396226415,54,5.41666666666652,27,8,2014.66666666667,27,1,2020.08333333333,84
215180,36,1,9,0,0,0,0,52,4.91666666666652,27,8,2014.66666666667,23,7,2019.58333333333,9
218661,150,1,380,35,5,30,0.2,148,5.41666666666652,28,8,2014.66666666667,11,1,2020.08333333333,380
219433,312,1,56,1,0,1,0.00320512820512821,210,5.58333333333326,28,8,2014.66666666667,1,3,2020.25,56
220092,147,5,191,25,9,16,0.108843537414966,98,5.5,28,8,2014.66666666667,27,2,2020.16666666667,191
220743,159,1,184,13,4,9,0.0566037735849057,55,5.5,28,8,2014.66666666667,4,2,2020.16666666667,184
221841,100,2,3,0,0,0,0,122,5,28,8,2014.66666666667,24,8,2019.66666666667,3
221998,59,1,9,0,0,0,0,58,5.58333333333326,28,8,2014.66666666667,10,3,2020.25,9
224076,24,2,16,2,0,2,0.0833333333333333,50,5.58333333333326,29,8,2014.66666666667,12,3,2020.25,16
226986,182,2,306,38,12,26,0.142857142857143,146,5.41666666666652,29,8,2014.66666666667,27,1,2020.08333333333,306
228968,87,1,92,6,0,6,0.0689655172413793,52,5.41666666666652,30,8,2014.66666666667,5,1,2020.08333333333,92
229248,50,1,71,3,0,3,0.06,50,5.41666666666652,30,8,2014.66666666667,9,1,2020.08333333333,71
229404,75,1,22,1,0,1,0.0133333333333333,59,4.75,30,8,2014.66666666667,26,5,2019.41666666667,22
232741,61,1,44,1,0,1,0.0163934426229508,110,5.5,30,8,2014.66666666667,8,2,2020.16666666667,44
236016,76,1,29,2,1,1,0.0131578947368421,69,5.16666666666652,31,8,2014.66666666667,9,10,2019.83333333333,29
239800,51,2,38,2,0,2,0.0392156862745098,50,5.25,1,9,2014.75,3,12,2020,38
240780,72,2,26,1,0,1,0.0138888888888889,81,4.5,1,9,2014.75,28,3,2019.25,26
241116,286,1,159,16,1,15,0.0524475524475524,371,4.58333333333326,1,9,2014.75,15,4,2019.33333333333,159
245363,60,2,19,0,0,0,0,70,5.16666666666674,2,9,2014.75,20,11,2019.91666666667,19
247892,192,4,4,0,0,0,0,119,5.16666666666674,3,9,2014.75,10,11,2019.91666666667,4
250304,81,1,31,5,1,4,0.0493827160493827,82,4.91666666666674,3,9,2014.75,6,8,2019.66666666667,31
250878,96,2,180,30,9,21,0.21875,128,5.41666666666674,3,9,2014.75,25,2,2020.16666666667,180
256643,90,1,92,8,0,8,0.0888888888888889,96,5.33333333333326,4,9,2014.75,31,1,2020.08333333333,92
257455,101,2,77,7,0,7,0.0693069306930693,183,5.41666666666674,4,9,2014.75,18,2,2020.16666666667,77
257659,78,1,40,3,0,3,0.0384615384615385,96,4.08333333333326,4,9,2014.75,9,10,2018.83333333333,40
257976,32,1,90,3,0,3,0.09375,53,5.33333333333326,4,9,2014.75,29,1,2020.08333333333,90
262118,101,1,137,16,3,13,0.128712871287129,89,5.41666666666674,5,9,2014.75,26,2,2020.16666666667,137
264795,58,1,56,7,1,6,0.103448275862069,51,4.66666666666674,5,9,2014.75,24,5,2019.41666666667,56
265072,143,2,159,35,16,19,0.132867132867133,181,5.41666666666674,5,9,2014.75,25,2,2020.16666666667,159
268683,62,1,37,3,0,3,0.0483870967741935,72,5.25,6,9,2014.75,19,12,2020,37
270919,93,1,205,8,1,7,0.0752688172043011,51,4.75,7,9,2014.75,29,6,2019.5,205
273410,61,2,13,1,0,1,0.0163934426229508,89,5.33333333333326,7,9,2014.75,4,1,2020.08333333333,13
274030,1961,1,14,1,0,1,0.000509943906170321,2367,5.16666666666674,7,9,2014.75,22,11,2019.91666666667,14
278272,37,2,135,13,1,12,0.324324324324324,63,5.41666666666674,8,9,2014.75,26,2,2020.16666666667,135
278563,37,1,133,17,1,16,0.432432432432432,80,5.33333333333326,8,9,2014.75,19,1,2020.08333333333,133
279879,56,1,28,0,0,0,0,106,4.75,8,9,2014.75,17,6,2019.5,28
283259,110,1,42,2,1,1,0.00909090909090909,71,5.33333333333326,9,9,2014.75,19,1,2020.08333333333,42
293325,91,1,4,0,0,0,0,85,5.5,11,9,2014.75,2,3,2020.25,4
293692,136,1,457,58,13,45,0.330882352941176,213,5.33333333333326,11,9,2014.75,3,1,2020.08333333333,457
293973,181,2,26,2,1,1,0.00552486187845304,179,5.33333333333326,11,9,2014.75,25,1,2020.08333333333,26
296459,125,1,1203,185,37,148,1.184,191,5.5,11,9,2014.75,25,3,2020.25,1203
297722,80,1,40,3,0,3,0.0375,67,5.33333333333326,11,9,2014.75,19,1,2020.08333333333,40
298638,108,1,285,28,6,22,0.203703703703704,101,5.5,11,9,2014.75,20,3,2020.25,285
298734,54,1,16,2,0,2,0.037037037037037,107,4.66666666666674,11,9,2014.75,24,5,2019.41666666667,16
302167,194,1,74,9,2,7,0.0360824742268041,261,5.5,12,9,2014.75,23,3,2020.25,74
304745,54,1,52,5,0,5,0.0925925925925926,59,4.75,13,9,2014.75,25,6,2019.5,52
305407,43,1,105,16,2,14,0.325581395348837,63,4.83333333333326,13,9,2014.75,10,7,2019.58333333333,105
306134,36,1,35,3,1,2,0.0555555555555556,58,5,13,9,2014.75,21,9,2019.75,35
309144,101,1,427,33,4,29,0.287128712871287,90,5.5,14,9,2014.75,15,3,2020.25,427
309262,80,1,51,2,0,2,0.025,108,5.08333333333326,14,9,2014.75,24,10,2019.83333333333,51
309690,81,1,111,7,0,7,0.0864197530864197,62,5.5,14,9,2014.75,23,3,2020.25,111
312547,125,1,81,10,3,7,0.056,95,5.5,14,9,2014.75,8,3,2020.25,81
317476,82,1,16,2,1,1,0.0121951219512195,116,5.41666666666674,15,9,2014.75,12,2,2020.16666666667,16
320584,138,1,12,1,0,1,0.0072463768115942,211,5.16666666666674,16,9,2014.75,29,11,2019.91666666667,12
322116,140,2,61,3,2,1,0.00714285714285714,80,4.66666666666674,16,9,2014.75,14,5,2019.41666666667,61
324483,64,1,2,0,0,0,0,61,4.66666666666674,17,9,2014.75,12,5,2019.41666666667,2
325070,54,2,17,0,0,0,0,56,4.66666666666674,17,9,2014.75,24,5,2019.41666666667,17
326690,107,2,100,20,10,10,0.0934579439252336,101,5.41666666666674,17,9,2014.75,25,2,2020.16666666667,100
339183,521,1,209,18,2,16,0.0307101727447217,516,5.5,19,9,2014.75,11,3,2020.25,209
348360,37,3,31,0,0,0,0,59,4.91666666666674,20,9,2014.75,9,8,2019.66666666667,31
353984,54,2,355,32,3,29,0.537037037037037,82,5.41666666666674,21,9,2014.75,4,2,2020.16666666667,355
362306,99,1,143,14,1,13,0.131313131313131,100,5.5,23,9,2014.75,21,3,2020.25,143
367715,45,1,224,27,8,19,0.422222222222222,54,5.41666666666674,24,9,2014.75,9,2,2020.16666666667,224
368004,289,1,2449,255,63,192,0.664359861591695,165,5.33333333333326,24,9,2014.75,30,1,2020.08333333333,2449
368717,70,1,13,0,0,0,0,114,4.41666666666674,24,9,2014.75,13,2,2019.16666666667,13
370097,59,1,309,54,5,49,0.830508474576271,146,5.41666666666674,24,9,2014.75,27,2,2020.16666666667,309
372077,130,2,62,3,0,3,0.0230769230769231,98,5.5,25,9,2014.75,19,3,2020.25,62
373126,136,2,24,2,0,2,0.0147058823529412,106,5,25,9,2014.75,27,9,2019.75,24
373357,295,1,254,11,0,11,0.0372881355932203,212,5.41666666666674,25,9,2014.75,19,2,2020.16666666667,254
378349,96,1,84,13,0,13,0.135416666666667,196,5.41666666666674,26,9,2014.75,5,2,2020.16666666667,84
386260,128,1,143,17,3,14,0.109375,177,5.33333333333326,28,9,2014.75,10,1,2020.08333333333,143
387980,48,1,237,25,2,23,0.479166666666667,54,NA,28,9,2014.75,NA,17,NA,237
388009,158,1,192,13,5,8,0.0506329113924051,136,5.41666666666674,28,9,2014.75,18,2,2020.16666666667,192
396897,72,1,14,1,1,0,0,137,4.83333333333326,30,9,2014.75,4,7,2019.58333333333,14
398965,153,1,168,13,3,10,0.065359477124183,130,5.41666666666674,30,9,2014.75,18,2,2020.16666666667,168
399407,115,2,66,7,4,3,0.0260869565217391,83,4.83333333333326,30,9,2014.75,29,7,2019.58333333333,66
401009,282,1,443,56,21,35,0.124113475177305,230,5.41666666666674,1,10,2014.83333333333,27,3,2020.25,443
404892,80,2,118,16,7,9,0.1125,61,5.33333333333348,1,10,2014.83333333333,15,2,2020.16666666667,118
412445,97,1,534,63,17,46,0.474226804123711,181,5.41666666666674,3,10,2014.83333333333,16,3,2020.25,534
413789,56,1,19,3,1,2,0.0357142857142857,53,4.33333333333348,3,10,2014.83333333333,8,2,2019.16666666667,19
414517,74,2,19,5,1,4,0.0540540540540541,63,5.33333333333348,4,10,2014.83333333333,1,2,2020.16666666667,19
416718,44,3,365,24,1,23,0.522727272727273,51,5.33333333333348,4,10,2014.83333333333,17,2,2020.16666666667,365
420030,63,2,29,4,1,3,0.0476190476190476,57,5.41666666666674,5,10,2014.83333333333,3,3,2020.25,29
423726,144,2,90,15,0,15,0.104166666666667,290,5.41666666666674,6,10,2014.83333333333,14,3,2020.25,90
433657,55,1,109,12,3,9,0.163636363636364,57,5.41666666666674,9,10,2014.83333333333,11,3,2020.25,109
438132,44,2,24,0,0,0,0,51,5.08333333333348,10,10,2014.83333333333,28,11,2019.91666666667,24
439115,126,2,239,31,8,23,0.182539682539683,116,5.41666666666674,11,10,2014.83333333333,17,3,2020.25,239
441934,28,2,26,5,0,5,0.178571428571429,54,5.41666666666674,12,10,2014.83333333333,7,3,2020.25,26
442020,162,1,132,10,3,7,0.0432098765432099,117,5.41666666666674,12,10,2014.83333333333,29,3,2020.25,132
443960,34,2,17,0,0,0,0,78,5.16666666666674,12,10,2014.83333333333,31,12,2020,17
444455,148,1,60,4,1,3,0.0202702702702703,163,5.41666666666674,12,10,2014.83333333333,20,3,2020.25,60
444760,250,1,466,47,16,31,0.124,189,5.33333333333348,12,10,2014.83333333333,26,2,2020.16666666667,466
445851,33,1,36,5,1,4,0.121212121212121,54,5.41666666666674,13,10,2014.83333333333,24,3,2020.25,36
446627,32,1,534,63,7,56,1.75,55,5.25,13,10,2014.83333333333,11,1,2020.08333333333,534
451826,85,2,3,0,0,0,0,63,5.41666666666674,15,10,2014.83333333333,16,3,2020.25,3
457550,51,1,146,5,0,5,0.0980392156862745,72,5.25,17,10,2014.83333333333,13,1,2020.08333333333,146
467203,45,1,30,1,0,1,0.0222222222222222,66,4.58333333333348,21,10,2014.83333333333,6,5,2019.41666666667,30
469348,87,2,477,75,7,68,0.781609195402299,101,5.25,21,10,2014.83333333333,23,1,2020.08333333333,477
475169,30,1,165,13,1,12,0.4,59,NA,24,10,2014.83333333333,17,17,NA,165
478190,119,2,14,0,0,0,0,87,3.75,25,10,2014.83333333333,11,7,2018.58333333333,14
483708,123,1,9,0,0,0,0,83,5.25,29,10,2014.83333333333,27,1,2020.08333333333,9
483819,115,1,136,11,3,8,0.0695652173913043,53,5.33333333333348,29,10,2014.83333333333,18,2,2020.16666666667,136
484888,43,2,143,21,7,14,0.325581395348837,75,5.41666666666674,29,10,2014.83333333333,27,3,2020.25,143
485482,143,1,2,0,0,0,0,235,5.33333333333348,29,10,2014.83333333333,19,2,2020.16666666667,2
488275,57,2,47,2,0,2,0.0350877192982456,59,5.41666666666674,31,10,2014.83333333333,13,3,2020.25,47
490648,123,1,104,10,2,8,0.0650406504065041,124,4,1,11,2014.91666666667,14,11,2018.91666666667,104
491419,271,2,792,94,49,45,0.166051660516605,245,5.33333333333326,1,11,2014.91666666667,15,3,2020.25,792
496141,58,1,345,46,1,45,0.775862068965517,194,5.33333333333326,4,11,2014.91666666667,10,3,2020.25,345
497245,51,1,164,8,0,8,0.156862745098039,57,5.16666666666652,5,11,2014.91666666667,9,1,2020.08333333333,164
500541,181,2,380,52,16,36,0.198895027624309,223,5.25,6,11,2014.91666666667,10,2,2020.16666666667,380
502046,92,2,93,15,7,8,0.0869565217391304,103,5.25,7,11,2014.91666666667,9,2,2020.16666666667,93
502641,39,1,28,4,1,3,0.0769230769230769,53,4.5,8,11,2014.91666666667,3,5,2019.41666666667,28
505405,119,1,37,0,0,0,0,87,NA,12,11,2014.91666666667,20,17,NA,37
506871,119,1,181,30,7,23,0.19327731092437,234,5.25,12,11,2014.91666666667,5,2,2020.16666666667,181
518537,68,1,29,1,0,1,0.0147058823529412,54,NA,18,11,2014.91666666667,19,17,NA,29
521404,24,1,32,5,0,5,0.208333333333333,52,5.25,20,11,2014.91666666667,28,2,2020.16666666667,32
522062,48,1,45,1,0,1,0.0208333333333333,71,4.08333333333326,20,11,2014.91666666667,15,12,2019,45
522432,69,1,27,3,0,3,0.0434782608695652,138,4.91666666666652,21,11,2014.91666666667,25,10,2019.83333333333,27
523264,538,3,269,20,3,17,0.0315985130111524,270,5.33333333333326,21,11,2014.91666666667,26,3,2020.25,269
524021,216,2,696,66,3,63,0.291666666666667,170,5.33333333333326,22,11,2014.91666666667,20,3,2020.25,696
526619,71,1,16,1,0,1,0.0140845070422535,52,5.08333333333326,23,11,2014.91666666667,10,12,2020,16
529373,69,1,37,4,1,3,0.0434782608695652,65,4.66666666666652,25,11,2014.91666666667,15,7,2019.58333333333,37
529874,224,1,17,2,0,2,0.00892857142857143,153,4.66666666666652,25,11,2014.91666666667,7,7,2019.58333333333,17
535163,32,1,311,27,6,21,0.65625,53,5.33333333333326,28,11,2014.91666666667,6,3,2020.25,311
536960,211,1,193,5,0,5,0.023696682464455,116,5.33333333333326,29,11,2014.91666666667,23,3,2020.25,193
547782,175,2,31,1,0,1,0.00571428571428571,109,5.25,5,12,2015,5,3,2020.25,31
549604,44,2,88,14,5,9,0.204545454545455,86,5.16666666666674,6,12,2015,4,2,2020.16666666667,88
555210,67,1,132,14,1,13,0.194029850746269,70,5.16666666666674,9,12,2015,23,2,2020.16666666667,132
559676,116,1,54,5,0,5,0.0431034482758621,120,5.16666666666674,11,12,2015,12,2,2020.16666666667,54
561109,66,1,164,20,3,17,0.257575757575758,73,5.25,12,12,2015,26,3,2020.25,164
567205,88,2,44,8,4,4,0.0454545454545455,87,5.25,16,12,2015,12,3,2020.25,44
569747,75,2,27,3,0,3,0.04,60,3.91666666666674,17,12,2015,6,11,2018.91666666667,27
572195,179,1,8,0,0,0,0,124,5.25,18,12,2015,24,3,2020.25,8
572589,57,1,40,0,0,0,0,55,5.25,18,12,2015,14,3,2020.25,40
573696,94,1,21,1,0,1,0.0106382978723404,57,5,19,12,2015,4,12,2020,21
578521,32,2,152,8,1,7,0.21875,65,4.16666666666674,21,12,2015,26,2,2019.16666666667,152
582782,45,1,134,8,1,7,0.155555555555556,55,5.25,24,12,2015,7,3,2020.25,134
583915,168,2,345,42,4,38,0.226190476190476,168,5.25,25,12,2015,24,3,2020.25,345
586198,84,2,382,36,11,25,0.297619047619048,63,5.25,27,12,2015,19,3,2020.25,382
591169,56,2,46,1,0,1,0.0178571428571429,62,4.66666666666674,31,12,2015,19,8,2019.66666666667,46
591991,41,1,12,1,0,1,0.024390243902439,54,5,1,1,2015.08333333333,31,1,2020.08333333333,12
594369,52,1,182,27,5,22,0.423076923076923,69,4.5,2,1,2015.08333333333,14,7,2019.58333333333,182
594490,109,1,480,69,2,67,0.614678899082569,483,5.08333333333348,2,1,2015.08333333333,18,2,2020.16666666667,480
595957,231,1,342,28,3,25,0.108225108225108,209,5.08333333333348,3,1,2015.08333333333,21,2,2020.16666666667,342
596054,133,2,153,11,0,11,0.0827067669172932,86,NA,3,1,2015.08333333333,NA,5,NA,153
597413,137,1,47,4,1,3,0.0218978102189781,174,4.25,4,1,2015.08333333333,27,4,2019.33333333333,47
600625,46,2,135,17,4,13,0.282608695652174,88,4.33333333333348,6,1,2015.08333333333,2,5,2019.41666666667,135
603038,232,2,539,78,5,73,0.314655172413793,240,5.16666666666674,8,1,2015.08333333333,20,3,2020.25,539
607730,48,2,46,13,6,7,0.145833333333333,56,5.16666666666674,11,1,2015.08333333333,24,3,2020.25,46
617072,86,2,36,2,0,2,0.0232558139534884,51,3.83333333333348,19,1,2015.08333333333,22,11,2018.91666666667,36
619261,201,1,91,14,0,14,0.0696517412935323,304,5.08333333333348,21,1,2015.08333333333,18,2,2020.16666666667,91
620985,25,1,186,35,6,29,1.16,62,5.16666666666674,22,1,2015.08333333333,28,3,2020.25,186
622156,53,1,108,14,0,14,0.264150943396226,53,4.83333333333348,23,1,2015.08333333333,19,11,2019.91666666667,108
623783,69,2,60,8,1,7,0.101449275362319,88,5,24,1,2015.08333333333,11,1,2020.08333333333,60
628185,44,2,13,0,0,0,0,67,4.5,27,1,2015.08333333333,2,7,2019.58333333333,13
628717,45,1,216,26,4,22,0.488888888888889,58,5,27,1,2015.08333333333,8,1,2020.08333333333,216
635126,143,2,181,14,3,11,0.0769230769230769,90,5,31,1,2015.08333333333,6,1,2020.08333333333,181
638339,64,1,26,0,0,0,0,85,4.75,1,2,2015.16666666667,13,11,2019.91666666667,26
642252,135,1,335,39,4,35,0.259259259259259,151,5.08333333333326,3,2,2015.16666666667,27,3,2020.25,335
647293,69,1,17,0,0,0,0,114,4.41666666666652,6,2,2015.16666666667,26,7,2019.58333333333,17
658109,68,1,2,0,0,0,0,116,5,12,2,2015.16666666667,28,2,2020.16666666667,2
660889,491,1,48,1,0,1,0.00203665987780041,367,5.08333333333326,14,2,2015.16666666667,1,3,2020.25,48
662113,66,1,175,19,0,19,0.287878787878788,88,5,15,2,2015.16666666667,19,2,2020.16666666667,175
665551,84,2,29,2,1,1,0.0119047619047619,65,4.41666666666652,17,2,2015.16666666667,26,7,2019.58333333333,29
668360,269,1,117,5,2,3,0.0111524163568773,141,5.08333333333326,18,2,2015.16666666667,12,3,2020.25,117
672978,67,1,144,15,2,13,0.194029850746269,76,5,20,2,2015.16666666667,5,2,2020.16666666667,144
677871,73,2,7,0,0,0,0,82,4.83333333333326,22,2,2015.16666666667,23,12,2020,7
679902,127,3,40,3,0,3,0.0236220472440945,89,4.83333333333326,23,2,2015.16666666667,18,12,2020,40
680236,220,2,911,121,24,97,0.440909090909091,140,5,23,2,2015.16666666667,29,2,2020.16666666667,911
682649,48,1,28,3,1,2,0.0416666666666667,81,4.5,24,2,2015.16666666667,26,8,2019.66666666667,28
682666,126,2,6,0,0,0,0,104,4.83333333333326,24,2,2015.16666666667,19,12,2020,6
693688,125,3,602,68,7,61,0.488,76,5,28,2,2015.16666666667,24,2,2020.16666666667,602
699661,80,1,47,5,1,4,0.05,105,5,1,3,2015.25,15,3,2020.25,47
704211,73,2,139,9,3,6,0.0821917808219178,52,5,3,3,2015.25,7,3,2020.25,139
705516,240,2,86,9,1,8,0.0333333333333333,252,4.58333333333326,3,3,2015.25,28,10,2019.83333333333,86
708012,86,1,14,2,0,2,0.0232558139534884,328,5,4,3,2015.25,14,3,2020.25,14
709615,36,2,12,0,0,0,0,55,4.33333333333326,9,3,2015.25,11,7,2019.58333333333,12
728489,50,1,31,1,0,1,0.02,57,4.75,14,3,2015.25,1,12,2020,31
730111,97,2,268,52,15,37,0.381443298969072,246,5,15,3,2015.25,7,3,2020.25,268
736696,253,1,164,13,1,12,0.0474308300395257,114,4.91666666666674,16,3,2015.25,21,2,2020.16666666667,164
739825,46,1,10,1,1,0,0,60,5,17,3,2015.25,5,3,2020.25,10
742344,196,2,163,14,1,13,0.0663265306122449,221,4.33333333333326,17,3,2015.25,10,7,2019.58333333333,163
744678,45,1,139,10,2,8,0.177777777777778,65,4.91666666666674,18,3,2015.25,5,2,2020.16666666667,139
744917,215,3,233,31,4,27,0.125581395348837,153,4.91666666666674,18,3,2015.25,21,2,2020.16666666667,233
749844,97,2,1167,115,21,94,0.969072164948454,92,4.91666666666674,20,3,2015.25,14,2,2020.16666666667,1167
751262,51,1,77,9,0,9,0.176470588235294,71,4.16666666666674,20,3,2015.25,9,5,2019.41666666667,77
753774,81,1,50,4,0,4,0.0493827160493827,81,4.66666666666674,21,3,2015.25,9,11,2019.91666666667,50
754978,132,1,68,5,0,5,0.0378787878787879,151,5,21,3,2015.25,24,3,2020.25,68
760735,23,1,150,16,2,14,0.608695652173913,59,5,22,3,2015.25,5,3,2020.25,150
760995,98,2,292,49,17,32,0.326530612244898,234,5,22,3,2015.25,5,3,2020.25,292
769748,26,1,176,28,3,25,0.961538461538462,50,5,25,3,2015.25,5,3,2020.25,176
770237,20,1,21,3,0,3,0.15,50,3.66666666666674,25,3,2015.25,12,11,2018.91666666667,21
775241,61,2,58,9,2,7,0.114754098360656,66,5,26,3,2015.25,28,3,2020.25,58
775386,133,1,273,20,3,17,0.12781954887218,126,5,26,3,2015.25,8,3,2020.25,273
778506,48,2,48,6,1,5,0.104166666666667,75,5,27,3,2015.25,20,3,2020.25,48
784819,70,1,19,2,0,2,0.0285714285714286,78,4.25,29,3,2015.25,4,6,2019.5,19
786363,323,2,41,7,2,5,0.0154798761609907,137,4.91666666666674,30,3,2015.25,28,2,2020.16666666667,41
790903,53,2,9,0,0,0,0,104,4.83333333333348,1,4,2015.33333333333,26,2,2020.16666666667,9
792907,80,2,57,7,3,4,0.05,67,4.91666666666674,2,4,2015.33333333333,8,3,2020.25,57
792974,114,3,623,97,6,91,0.798245614035088,179,4.91666666666674,2,4,2015.33333333333,16,3,2020.25,623
796473,104,1,157,14,0,14,0.134615384615385,136,4.66666666666674,3,4,2015.33333333333,13,12,2020,157
802411,172,1,353,17,4,13,0.0755813953488372,80,4.91666666666674,5,4,2015.33333333333,27,3,2020.25,353
803836,40,1,2,0,0,0,0,54,4.33333333333348,5,4,2015.33333333333,19,8,2019.66666666667,2
808015,74,3,8,0,0,0,0,75,NA,6,4,2015.33333333333,NA,17,NA,8
808238,188,2,249,19,6,13,0.0691489361702128,114,4.83333333333348,6,4,2015.33333333333,21,2,2020.16666666667,249
812590,109,2,67,11,1,10,0.0917431192660551,164,4.75,7,4,2015.33333333333,16,1,2020.08333333333,67
818731,47,1,157,16,0,16,0.340425531914894,82,4.91666666666674,9,4,2015.33333333333,20,3,2020.25,157
821510,56,2,65,5,0,5,0.0892857142857143,96,4.83333333333348,10,4,2015.33333333333,6,2,2020.16666666667,65
822790,107,2,508,94,36,58,0.542056074766355,173,4.91666666666674,10,4,2015.33333333333,26,3,2020.25,508
823965,130,2,164,11,3,8,0.0615384615384615,76,4.33333333333348,11,4,2015.33333333333,6,8,2019.66666666667,164
825943,73,1,323,34,2,32,0.438356164383562,92,4.66666666666674,11,4,2015.33333333333,23,12,2020,323
833618,46,1,101,12,0,12,0.260869565217391,79,4.83333333333348,15,4,2015.33333333333,7,2,2020.16666666667,101
834217,131,3,5,0,0,0,0,97,4.16666666666674,15,4,2015.33333333333,2,6,2019.5,5
841522,58,2,20,2,0,2,0.0344827586206897,128,NA,17,4,2015.33333333333,16,17,NA,20
845186,94,1,482,28,9,19,0.202127659574468,93,4.5,18,4,2015.33333333333,29,10,2019.83333333333,482
847111,55,1,113,8,1,7,0.127272727272727,109,4.91666666666674,19,4,2015.33333333333,15,3,2020.25,113
847971,32,2,41,3,2,1,0.03125,63,4.91666666666674,19,4,2015.33333333333,27,3,2020.25,41
860824,524,1,314,32,3,29,0.0553435114503817,441,4.83333333333348,23,4,2015.33333333333,9,2,2020.16666666667,314
864128,82,1,49,5,3,2,0.024390243902439,62,4.75,25,4,2015.33333333333,30,1,2020.08333333333,49
868889,47,1,53,5,1,4,0.0851063829787234,62,4.83333333333348,27,4,2015.33333333333,10,2,2020.16666666667,53
870930,49,1,58,4,0,4,0.0816326530612245,56,4.16666666666674,28,4,2015.33333333333,27,6,2019.5,58
871605,42,1,8,0,0,0,0,59,4.58333333333348,28,4,2015.33333333333,30,11,2019.91666666667,8
872554,112,1,48,2,1,1,0.00892857142857143,89,4.58333333333348,29,4,2015.33333333333,15,11,2019.91666666667,48
873934,51,1,35,3,0,3,0.0588235294117647,50,NA,29,4,2015.33333333333,15,16,NA,35
875457,120,2,306,39,10,29,0.241666666666667,203,4.83333333333348,30,4,2015.33333333333,25,2,2020.16666666667,306
882959,66,1,148,10,5,5,0.0757575757575758,84,4.25,2,5,2015.41666666667,15,8,2019.66666666667,148
907844,33,1,10,0,0,0,0,61,4.66666666666652,11,5,2015.41666666667,3,1,2020.08333333333,10
910937,30,1,145,21,2,19,0.633333333333333,54,4.83333333333326,12,5,2015.41666666667,11,3,2020.25,145
914778,39,1,36,5,1,4,0.102564102564103,51,4.58333333333326,13,5,2015.41666666667,25,12,2020,36
918523,36,1,16,0,0,0,0,54,4.75,13,5,2015.41666666667,7,2,2020.16666666667,16
918732,83,1,555,43,15,28,0.337349397590361,89,4.83333333333326,13,5,2015.41666666667,9,3,2020.25,555
927795,243,2,315,5,1,4,0.0164609053497942,52,4.83333333333326,15,5,2015.41666666667,6,3,2020.25,315
932303,101,2,74,7,1,6,0.0594059405940594,74,4.33333333333326,16,5,2015.41666666667,14,9,2019.75,74
932900,207,2,47,4,0,4,0.0193236714975845,280,4.66666666666652,16,5,2015.41666666667,15,1,2020.08333333333,47
933177,58,1,2,0,0,0,0,119,4.33333333333326,16,5,2015.41666666667,27,9,2019.75,2
934721,97,1,261,22,3,19,0.195876288659794,121,4.83333333333326,17,5,2015.41666666667,27,3,2020.25,261
941098,52,1,25,1,0,1,0.0192307692307692,54,4.5,18,5,2015.41666666667,16,11,2019.91666666667,25
942460,66,1,45,7,1,6,0.0909090909090909,104,4.5,18,5,2015.41666666667,27,11,2019.91666666667,45
943951,23,2,17,4,1,3,0.130434782608696,55,4.66666666666652,18,5,2015.41666666667,27,1,2020.08333333333,17
946193,60,1,12,2,0,2,0.0333333333333333,82,4.66666666666652,19,5,2015.41666666667,31,1,2020.08333333333,12
953205,57,1,5,0,0,0,0,50,4.5,20,5,2015.41666666667,24,11,2019.91666666667,5
953937,80,1,196,17,1,16,0.2,81,4.66666666666652,20,5,2015.41666666667,25,1,2020.08333333333,196
954145,33,2,7,0,0,0,0,52,4.83333333333326,21,5,2015.41666666667,29,3,2020.25,7
954410,27,1,13,1,0,1,0.037037037037037,75,4.08333333333326,21,5,2015.41666666667,19,6,2019.5,13
958600,104,2,21,3,0,3,0.0288461538461538,72,4.66666666666652,21,5,2015.41666666667,7,1,2020.08333333333,21
959491,82,1,74,5,0,5,0.0609756097560976,58,4.66666666666652,22,5,2015.41666666667,2,1,2020.08333333333,74
960931,384,1,2025,266,55,211,0.549479166666667,407,4.66666666666652,22,5,2015.41666666667,28,1,2020.08333333333,2025
965992,67,1,86,16,0,16,0.238805970149254,90,4.75,23,5,2015.41666666667,3,2,2020.16666666667,86
970495,115,1,366,45,8,37,0.321739130434783,195,4.83333333333326,24,5,2015.41666666667,11,3,2020.25,366
973681,65,1,72,11,2,9,0.138461538461538,117,4.83333333333326,25,5,2015.41666666667,20,3,2020.25,72
979792,62,1,119,15,2,13,0.209677419354839,76,4.58333333333326,27,5,2015.41666666667,10,12,2020,119
988120,70,1,35,3,0,3,0.0428571428571429,91,4.66666666666652,29,5,2015.41666666667,2,1,2020.08333333333,35
991178,189,1,89,6,0,6,0.0317460317460317,290,4.83333333333326,29,5,2015.41666666667,16,3,2020.25,89
996820,79,2,47,9,0,9,0.113924050632911,87,4.83333333333326,31,5,2015.41666666667,19,3,2020.25,47
997294,52,2,147,23,2,21,0.403846153846154,52,4.83333333333326,31,5,2015.41666666667,21,3,2020.25,147
999345,81,1,71,1,0,1,0.0123456790123457,109,3.41666666666652,31,5,2015.41666666667,14,10,2018.83333333333,71
1008543,56,1,1430,224,77,147,2.625,107,4.75,2,6,2015.5,24,3,2020.25,1430
1008669,53,3,11,0,0,0,0,55,4.75,2,6,2015.5,9,3,2020.25,11
1017239,28,1,173,26,2,24,0.857142857142857,75,4.75,5,6,2015.5,23,3,2020.25,173
1018804,20,1,15,1,0,1,0.05,55,3.91666666666674,5,6,2015.5,25,5,2019.41666666667,15
1020116,85,1,394,31,7,24,0.282352941176471,69,4.75,6,6,2015.5,12,3,2020.25,394
1031118,35,1,14,1,0,1,0.0285714285714286,58,4.58333333333326,12,6,2015.5,16,1,2020.08333333333,14
1037657,123,1,14,2,1,1,0.00813008130081301,237,4.75,15,6,2015.5,19,3,2020.25,14
1045715,45,2,21,2,0,2,0.0444444444444444,66,4.25,19,6,2015.5,17,9,2019.75,21
1046130,38,1,50,7,1,6,0.157894736842105,55,4.75,19,6,2015.5,8,3,2020.25,50
1048222,72,1,8,0,0,0,0,134,3.5,20,6,2015.5,19,12,2019,8
1051394,89,2,188,31,1,30,0.337078651685393,240,4.75,22,6,2015.5,29,3,2020.25,188
1063891,46,1,55,9,1,8,0.173913043478261,163,4.25,26,6,2015.5,6,9,2019.75,55
1064188,73,1,42,3,1,2,0.0273972602739726,75,4.75,26,6,2015.5,9,3,2020.25,42
1068702,142,1,92,0,0,0,0,60,4.75,28,6,2015.5,7,3,2020.25,92
1072237,51,1,373,32,4,28,0.549019607843137,61,4.75,29,6,2015.5,4,3,2020.25,373
1072805,549,1,296,25,3,22,0.0400728597449909,632,4.75,29,6,2015.5,16,3,2020.25,296
1078452,83,1,4,0,0,0,0,90,4.58333333333348,2,7,2015.58333333333,29,2,2020.16666666667,4
1085777,79,1,54,5,0,5,0.0632911392405063,151,4.5,4,7,2015.58333333333,5,1,2020.08333333333,54
1091699,128,2,155,17,4,13,0.1015625,85,4.5,6,7,2015.58333333333,13,1,2020.08333333333,155
1100842,59,2,33,3,1,2,0.0338983050847458,63,3.58333333333348,11,7,2015.58333333333,12,2,2019.16666666667,33
1107005,101,2,44,1,0,1,0.0099009900990099,58,4.58333333333348,14,7,2015.58333333333,12,2,2020.16666666667,44
1130346,84,1,64,6,0,6,0.0714285714285714,135,4.66666666666674,23,7,2015.58333333333,18,3,2020.25,64
1138014,25,1,1221,194,77,117,4.68,56,4.66666666666674,26,7,2015.58333333333,16,3,2020.25,1221
1141760,72,1,113,11,1,10,0.138888888888889,60,2.91666666666674,27,7,2015.58333333333,26,6,2018.5,113
1142879,62,1,40,3,1,2,0.032258064516129,88,NA,27,7,2015.58333333333,NA,7,NA,40
1145983,85,2,61,8,1,7,0.0823529411764706,73,4.08333333333348,28,7,2015.58333333333,18,8,2019.66666666667,61
1146221,67,1,7,0,0,0,0,50,4.16666666666674,28,7,2015.58333333333,12,9,2019.75,7
1149046,36,1,191,19,4,15,0.416666666666667,64,4.33333333333348,29,7,2015.58333333333,27,11,2019.91666666667,191
1152422,214,1,20,3,0,3,0.014018691588785,99,4.66666666666674,31,7,2015.58333333333,29,3,2020.25,20
1163759,62,1,615,61,8,53,0.854838709677419,66,4.58333333333326,3,8,2015.66666666667,18,3,2020.25,615
1163913,140,1,18,2,0,2,0.0142857142857143,163,4.58333333333326,4,8,2015.66666666667,14,3,2020.25,18
1166889,277,2,378,62,7,55,0.1985559566787,422,4.5,5,8,2015.66666666667,8,2,2020.16666666667,378
1171122,68,1,19,2,1,1,0.0147058823529412,66,3.58333333333326,6,8,2015.66666666667,29,3,2019.25,19
1187753,89,2,303,32,3,29,0.325842696629214,56,4.58333333333326,24,8,2015.66666666667,26,3,2020.25,303
1188323,65,1,21,1,0,1,0.0153846153846154,105,2.58333333333326,24,8,2015.66666666667,23,3,2018.25,21
1195935,109,1,141,13,2,11,0.100917431192661,129,4.41666666666674,5,9,2015.75,5,2,2020.16666666667,141
1200905,44,1,26,2,0,2,0.0454545454545455,152,4.41666666666674,13,9,2015.75,19,2,2020.16666666667,26
1207968,64,2,34,5,1,4,0.0625,101,4.33333333333326,21,9,2015.75,27,1,2020.08333333333,34
1208340,140,1,50,3,0,3,0.0214285714285714,69,4.5,22,9,2015.75,12,3,2020.25,50
1208832,142,2,369,33,7,26,0.183098591549296,145,4.5,23,9,2015.75,21,3,2020.25,369
1211476,51,1,68,3,0,3,0.0588235294117647,67,NA,26,9,2015.75,20,17,NA,68
1213802,34,3,24,2,0,2,0.0588235294117647,95,4,29,9,2015.75,17,9,2019.75,24
1219344,276,1,20,0,0,0,0,128,3.75,9,10,2015.83333333333,17,7,2019.58333333333,20
1220095,129,2,33,4,3,1,0.00775193798449612,156,4.41666666666674,10,10,2015.83333333333,19,3,2020.25,33
1223772,51,1,76,8,1,7,0.137254901960784,80,4.41666666666674,24,10,2015.83333333333,23,3,2020.25,76
1224365,93,2,3,0,0,0,0,114,4.08333333333348,25,10,2015.83333333333,5,11,2019.91666666667,3
1228758,61,1,110,6,0,6,0.0983606557377049,65,4.25,7,11,2015.91666666667,8,2,2020.16666666667,110
1231856,66,1,21,3,0,3,0.0454545454545455,92,3.33333333333326,10,11,2015.91666666667,16,3,2019.25,21
1239253,143,2,66,4,0,4,0.027972027972028,80,4.16666666666652,19,11,2015.91666666667,3,1,2020.08333333333,66
1240969,133,1,65,10,2,8,0.0601503759398496,95,4,21,11,2015.91666666667,16,11,2019.91666666667,65
1244500,40,1,11,1,0,1,0.025,57,4.08333333333326,28,11,2015.91666666667,20,12,2020,11
1246968,228,3,107,8,1,7,0.0307017543859649,135,4.25,1,12,2016,28,3,2020.25,107
1251416,97,1,28,2,1,1,0.0103092783505155,54,3.75,8,12,2016,20,9,2019.75,28
1253848,91,1,179,27,5,22,0.241758241758242,141,4.25,11,12,2016,26,3,2020.25,179
1254164,49,1,12,0,0,0,0,65,4.08333333333326,12,12,2016,7,1,2020.08333333333,12
1262718,232,1,31,4,0,4,0.0172413793103448,192,4.25,28,12,2016,6,3,2020.25,31
1267202,29,1,111,15,3,12,0.413793103448276,62,3.83333333333348,3,1,2016.08333333333,9,11,2019.91666666667,111
1272344,27,1,31,6,1,5,0.185185185185185,52,4,10,1,2016.08333333333,2,1,2020.08333333333,31
1277443,31,1,162,12,2,10,0.32258064516129,59,4.16666666666674,17,1,2016.08333333333,26,3,2020.25,162
1277753,58,1,57,5,0,5,0.0862068965517241,63,3.58333333333348,18,1,2016.08333333333,25,8,2019.66666666667,57
1279109,52,1,104,8,0,8,0.153846153846154,103,4.16666666666674,20,1,2016.08333333333,19,3,2020.25,104
1282586,49,1,100,12,2,10,0.204081632653061,73,4.08333333333348,25,1,2016.08333333333,29,2,2020.16666666667,100
1282826,41,1,131,13,0,13,0.317073170731707,75,3.83333333333348,25,1,2016.08333333333,30,11,2019.91666666667,131
1288674,126,1,275,38,19,19,0.150793650793651,119,4.08333333333326,2,2,2016.16666666667,17,3,2020.25,275
1289099,79,2,165,14,2,12,0.151898734177215,51,3.41666666666652,2,2,2016.16666666667,31,7,2019.58333333333,165
1298264,39,1,76,5,1,4,0.102564102564103,56,4,16,2,2016.16666666667,20,2,2020.16666666667,76
1299170,70,1,42,3,0,3,0.0428571428571429,56,3.91666666666652,18,2,2016.16666666667,8,1,2020.08333333333,42
1300651,33,2,35,6,2,4,0.121212121212121,92,3.83333333333326,20,2,2016.16666666667,14,12,2020,35
1309442,49,1,146,14,0,14,0.285714285714286,85,4,2,3,2016.25,7,3,2020.25,146
1311108,57,1,26,3,1,2,0.0350877192982456,54,3.33333333333326,4,3,2016.25,17,7,2019.58333333333,26
1311602,162,2,267,49,0,49,0.302469135802469,692,3.91666666666674,5,3,2016.25,1,2,2020.16666666667,267
1315380,50,1,881,48,7,41,0.82,78,3.91666666666674,10,3,2016.25,24,2,2020.16666666667,881
1315507,150,1,61,4,1,3,0.02,228,3.91666666666674,10,3,2016.25,4,2,2020.16666666667,61
1315908,67,1,9,1,0,1,0.0149253731343284,55,3.83333333333326,10,3,2016.25,4,1,2020.08333333333,9
1316575,64,1,76,6,3,3,0.046875,63,NA,11,3,2016.25,NA,7,NA,76
1320233,70,2,213,10,6,4,0.0571428571428571,84,3.83333333333326,15,3,2016.25,23,1,2020.08333333333,213
1321498,123,1,40,4,0,4,0.032520325203252,94,4,16,3,2016.25,16,3,2020.25,40
1321777,121,2,166,27,8,19,0.15702479338843,128,3.83333333333326,16,3,2016.25,14,1,2020.08333333333,166
1331572,69,1,98,12,0,12,0.173913043478261,239,3.91666666666674,26,3,2016.25,14,2,2020.16666666667,98
1333883,40,1,114,19,3,16,0.4,69,2.91666666666674,29,3,2016.25,10,2,2019.16666666667,114
1337605,154,2,61,3,0,3,0.0194805194805195,67,3.91666666666674,2,4,2016.33333333333,18,3,2020.25,61
1343059,106,1,38,0,0,0,0,67,3.33333333333348,7,4,2016.33333333333,17,8,2019.66666666667,38
1344996,108,1,253,25,4,21,0.194444444444444,102,3.75,9,4,2016.33333333333,20,1,2020.08333333333,253
1345057,67,1,29,0,0,0,0,52,3.33333333333348,9,4,2016.33333333333,1,8,2019.66666666667,29
1345431,41,1,130,14,2,12,0.292682926829268,51,3.25,9,4,2016.33333333333,24,7,2019.58333333333,130
1348725,64,2,45,9,1,8,0.125,76,3.75,13,4,2016.33333333333,25,1,2020.08333333333,45
1352865,38,2,2,0,0,0,0,51,3.66666666666674,17,4,2016.33333333333,29,12,2020,2
1356197,688,1,1077,77,25,52,0.0755813953488372,212,3.91666666666674,21,4,2016.33333333333,11,3,2020.25,1077
1357677,118,1,8,0,0,0,0,92,3.16666666666674,22,4,2016.33333333333,20,6,2019.5,8
1364437,102,3,72,9,2,7,0.0686274509803922,100,3.91666666666674,29,4,2016.33333333333,29,3,2020.25,72
1365858,77,1,98,10,1,9,0.116883116883117,65,3.66666666666652,1,5,2016.41666666667,5,1,2020.08333333333,98
1370874,59,1,188,17,1,16,0.271186440677966,80,3.75,6,5,2016.41666666667,9,2,2020.16666666667,188
1371589,75,2,194,15,4,11,0.146666666666667,121,3.83333333333326,6,5,2016.41666666667,26,3,2020.25,194
1373869,153,1,163,21,5,16,0.104575163398693,160,3,8,5,2016.41666666667,27,5,2019.41666666667,163
1375532,25,1,9,0,0,0,0,82,3.41666666666652,11,5,2016.41666666667,2,10,2019.83333333333,9
1387591,51,1,10,0,0,0,0,52,3.5,24,5,2016.41666666667,2,11,2019.91666666667,10
1391721,56,1,64,2,1,1,0.0178571428571429,73,3.75,29,5,2016.41666666667,28,2,2020.16666666667,64
1404090,123,1,11,0,0,0,0,60,3.66666666666674,13,6,2016.5,10,2,2020.16666666667,11
1405238,288,1,35,4,0,4,0.0138888888888889,325,3.66666666666674,14,6,2016.5,7,2,2020.16666666667,35
1408955,150,2,8,1,0,1,0.00666666666666667,208,3.25,18,6,2016.5,17,9,2019.75,8
1422690,44,1,11,0,0,0,0,53,3.41666666666674,5,7,2016.58333333333,15,12,2020,11
1430158,20,1,36,4,1,3,0.15,53,3.33333333333348,14,7,2016.58333333333,25,11,2019.91666666667,36
1440050,29,2,126,18,5,13,0.448275862068966,53,3.66666666666674,26,7,2016.58333333333,24,3,2020.25,126
1440999,100,2,214,15,2,13,0.13,144,3.66666666666674,27,7,2016.58333333333,14,3,2020.25,214
1445874,45,2,67,8,3,5,0.111111111111111,52,3.58333333333348,28,7,2016.58333333333,12,2,2020.16666666667,67
1450329,46,2,18,2,1,1,0.0217391304347826,58,3.41666666666674,30,7,2016.58333333333,23,12,2020,18
1451795,93,2,166,31,10,21,0.225806451612903,148,3.08333333333348,31,7,2016.58333333333,31,8,2019.66666666667,166
1453681,89,2,672,79,9,70,0.786516853932584,70,3.5,1,8,2016.66666666667,9,2,2020.16666666667,672
1459278,98,1,27,3,3,0,0,76,3.5,3,8,2016.66666666667,1,2,2020.16666666667,27
1460757,78,1,16,1,0,1,0.0128205128205128,61,2.66666666666652,4,8,2016.66666666667,22,4,2019.33333333333,16
1470782,59,3,37,7,2,5,0.0847457627118644,67,3.5,7,8,2016.66666666667,27,2,2020.16666666667,37
1471942,89,1,18,1,0,1,0.0112359550561798,57,3.08333333333326,8,8,2016.66666666667,26,9,2019.75,18
1475680,44,2,21,0,0,0,0,51,3.08333333333326,9,8,2016.66666666667,21,9,2019.75,21
1476899,40,1,199,38,5,33,0.825,88,3.33333333333326,9,8,2016.66666666667,28,12,2020,199
1483196,60,1,29,0,0,0,0,54,2.83333333333326,11,8,2016.66666666667,19,6,2019.5,29
1487752,27,1,17,0,0,0,0,78,2.91666666666652,12,8,2016.66666666667,3,7,2019.58333333333,17
1489637,30,1,12,1,0,1,0.0333333333333333,51,2.91666666666652,12,8,2016.66666666667,4,7,2019.58333333333,12
1489749,68,1,199,23,7,16,0.235294117647059,75,3.58333333333326,13,8,2016.66666666667,8,3,2020.25,199
1489793,227,1,1027,50,4,46,0.202643171806167,75,3.5,13,8,2016.66666666667,14,2,2020.16666666667,1027
1496708,27,1,5,0,0,0,0,52,3.41666666666652,14,8,2016.66666666667,14,1,2020.08333333333,5
1503212,100,1,4,0,0,0,0,57,3.41666666666652,16,8,2016.66666666667,30,1,2020.08333333333,4
1504358,105,5,236,27,12,15,0.142857142857143,56,3.5,16,8,2016.66666666667,24,2,2020.16666666667,236
1510324,87,2,43,8,3,5,0.0574712643678161,67,3.41666666666652,18,8,2016.66666666667,8,1,2020.08333333333,43
1519125,97,1,246,34,1,33,0.34020618556701,117,3.58333333333326,19,8,2016.66666666667,20,3,2020.25,246
1520910,106,1,16,1,0,1,0.00943396226415094,123,2.91666666666652,19,8,2016.66666666667,30,7,2019.58333333333,16
1524214,60,1,568,91,12,79,1.31666666666667,139,3.58333333333326,20,8,2016.66666666667,24,3,2020.25,568
1532121,35,1,19,1,0,1,0.0285714285714286,66,3.25,22,8,2016.66666666667,7,11,2019.91666666667,19
1532644,92,2,93,11,3,8,0.0869565217391304,79,3.58333333333326,22,8,2016.66666666667,12,3,2020.25,93
1533146,29,1,46,5,0,5,0.172413793103448,58,3.58333333333326,22,8,2016.66666666667,21,3,2020.25,46
1534641,43,1,85,9,4,5,0.116279069767442,59,3.58333333333326,22,8,2016.66666666667,14,3,2020.25,85
1535323,80,2,16,3,0,3,0.0375,53,2.91666666666652,22,8,2016.66666666667,2,7,2019.58333333333,16
1543500,453,2,134,11,1,10,0.022075055187638,411,3.58333333333326,24,8,2016.66666666667,21,3,2020.25,134
1552142,50,1,325,31,5,26,0.52,55,3.5,26,8,2016.66666666667,27,2,2020.16666666667,325
1555597,52,1,113,8,1,7,0.134615384615385,50,3.58333333333326,27,8,2016.66666666667,9,3,2020.25,113
1559316,47,2,52,9,1,8,0.170212765957447,55,3.58333333333326,27,8,2016.66666666667,10,3,2020.25,52
1560906,72,2,60,4,1,3,0.0416666666666667,74,3.33333333333326,28,8,2016.66666666667,29,12,2020,60
1566477,76,1,201,29,2,27,0.355263157894737,124,2.91666666666652,29,8,2016.66666666667,18,7,2019.58333333333,201
1570924,22,1,490,59,8,51,2.31818181818182,63,3.58333333333326,30,8,2016.66666666667,23,3,2020.25,490
1580099,24,1,165,24,2,22,0.916666666666667,58,3.58333333333326,31,8,2016.66666666667,20,3,2020.25,165
1581593,60,1,42,6,1,5,0.0833333333333333,66,3.41666666666674,1,9,2016.75,14,2,2020.16666666667,42
1586417,152,2,354,64,12,52,0.342105263157895,126,3.5,1,9,2016.75,23,3,2020.25,354
1595355,82,2,56,3,0,3,0.0365853658536585,61,3.33333333333326,3,9,2016.75,24,1,2020.08333333333,56
1610930,65,2,3,0,0,0,0,83,3.41666666666674,6,9,2016.75,7,2,2020.16666666667,3
1611811,213,2,117,9,1,8,0.0375586854460094,296,2.75,7,9,2016.75,25,6,2019.5,117
1615094,281,1,1067,132,4,128,0.455516014234875,376,3.5,7,9,2016.75,24,3,2020.25,1067
1620637,83,2,215,40,17,23,0.27710843373494,106,3.5,8,9,2016.75,25,3,2020.25,215
1640321,121,1,495,83,8,75,0.619834710743802,257,3,12,9,2016.75,18,9,2019.75,495
1647392,33,2,11,2,1,1,0.0303030303030303,74,3.5,14,9,2016.75,29,3,2020.25,11
1658261,104,2,147,15,3,12,0.115384615384615,71,3.25,16,9,2016.75,18,12,2020,147
1659375,99,2,115,8,3,5,0.0505050505050505,121,3.5,16,9,2016.75,28,3,2020.25,115
1660336,85,1,21,0,0,0,0,73,3.08333333333326,16,9,2016.75,10,10,2019.83333333333,21
1662703,69,3,6,0,0,0,0,82,NA,16,9,2016.75,21,18,NA,6
1670966,41,1,22,4,0,4,0.0975609756097561,107,3.41666666666674,18,9,2016.75,11,2,2020.16666666667,22
1673201,53,2,17,2,1,1,0.0188679245283019,51,3,19,9,2016.75,17,9,2019.75,17
1679242,90,1,308,34,2,32,0.355555555555556,132,2.16666666666674,20,9,2016.75,11,11,2018.91666666667,308
1679608,138,1,138,24,9,15,0.108695652173913,241,3.41666666666674,20,9,2016.75,14,2,2020.16666666667,138
1692215,50,1,24,1,0,1,0.02,94,2.91666666666674,23,9,2016.75,29,8,2019.66666666667,24
1699938,83,2,359,39,9,30,0.36144578313253,78,3.33333333333326,25,9,2016.75,13,1,2020.08333333333,359
1700103,60,2,170,14,4,10,0.166666666666667,51,2.25,25,9,2016.75,23,12,2019,170
1701327,80,3,188,35,6,29,0.3625,96,3.33333333333326,25,9,2016.75,28,1,2020.08333333333,188
1706577,34,1,12,0,0,0,0,53,3,26,9,2016.75,28,9,2019.75,12
1708122,143,1,121,11,2,9,0.0629370629370629,129,3.5,27,9,2016.75,20,3,2020.25,121
1710051,107,1,228,22,3,19,0.177570093457944,101,3.08333333333326,27,9,2016.75,7,10,2019.83333333333,228
1710304,68,2,326,25,6,19,0.279411764705882,84,3.5,27,9,2016.75,28,3,2020.25,326
1711737,127,1,9,0,0,0,0,67,3,28,9,2016.75,20,9,2019.75,9
1716454,105,1,25,3,0,3,0.0285714285714286,140,3.5,29,9,2016.75,13,3,2020.25,25
1717360,63,2,13,3,1,2,0.0317460317460317,83,3.33333333333326,29,9,2016.75,30,1,2020.08333333333,13
1718840,81,1,173,10,0,10,0.123456790123457,56,3.41666666666674,29,9,2016.75,27,2,2020.16666666667,173
1734917,113,1,166,13,2,11,0.0973451327433628,81,3.41666666666674,2,10,2016.83333333333,29,3,2020.25,166
1739973,60,1,61,7,0,7,0.116666666666667,141,2.66666666666674,3,10,2016.83333333333,13,6,2019.5,61
1742641,98,1,12,1,0,1,0.0102040816326531,95,2.91666666666674,3,10,2016.83333333333,17,9,2019.75,12
1750595,44,2,133,17,4,13,0.295454545454545,52,3.33333333333348,5,10,2016.83333333333,4,2,2020.16666666667,133
1750749,47,1,30,4,1,3,0.0638297872340425,97,2.5,5,10,2016.83333333333,19,4,2019.33333333333,30
1768404,25,1,1040,196,17,179,7.16,133,3.41666666666674,9,10,2016.83333333333,13,3,2020.25,1040
1771698,88,2,8,0,0,0,0,68,3.41666666666674,9,10,2016.83333333333,12,3,2020.25,8
1777408,71,1,132,12,2,10,0.140845070422535,74,3.41666666666674,11,10,2016.83333333333,20,3,2020.25,132
1777765,238,5,21,0,0,0,0,80,3.33333333333348,11,10,2016.83333333333,25,2,2020.16666666667,21
1779018,73,3,116,8,0,8,0.10958904109589,65,3.41666666666674,11,10,2016.83333333333,23,3,2020.25,116
1782947,179,2,64,10,2,8,0.0446927374301676,118,3.25,12,10,2016.83333333333,19,1,2020.08333333333,64
1786180,40,1,14,2,1,1,0.025,57,2.58333333333348,12,10,2016.83333333333,30,5,2019.41666666667,14
1791337,103,2,115,7,1,6,0.058252427184466,56,3.41666666666674,14,10,2016.83333333333,24,3,2020.25,115
1792799,33,2,32,4,0,4,0.121212121212121,93,2.58333333333348,15,10,2016.83333333333,6,5,2019.41666666667,32
1795176,105,1,212,23,7,16,0.152380952380952,78,3.41666666666674,16,10,2016.83333333333,26,3,2020.25,212
1813385,73,2,49,3,0,3,0.0410958904109589,133,2.66666666666674,24,10,2016.83333333333,27,6,2019.5,49
1822604,130,2,19,0,0,0,0,59,3.33333333333348,29,10,2016.83333333333,3,2,2020.16666666667,19
1825731,49,1,196,23,5,18,0.36734693877551,105,3.41666666666674,30,10,2016.83333333333,28,3,2020.25,196
1830567,141,1,31,4,0,4,0.0283687943262411,69,2.91666666666652,2,11,2016.91666666667,20,10,2019.83333333333,31
1836721,134,1,77,8,0,8,0.0597014925373134,99,2.25,6,11,2016.91666666667,4,2,2019.16666666667,77
1837057,192,1,360,40,7,33,0.171875,151,3.33333333333326,6,11,2016.91666666667,23,3,2020.25,360
1841592,73,2,3,0,0,0,0,59,2.91666666666652,9,11,2016.91666666667,31,10,2019.83333333333,3
1847014,83,1,47,6,2,4,0.0481927710843374,64,3.16666666666652,13,11,2016.91666666667,9,1,2020.08333333333,47
1847046,66,2,184,25,8,17,0.257575757575758,50,3.33333333333326,13,11,2016.91666666667,11,3,2020.25,184
1854970,54,5,51,7,0,7,0.12962962962963,59,3.33333333333326,18,11,2016.91666666667,28,3,2020.25,51
1856264,160,5,17,1,0,1,0.00625,77,3.16666666666652,19,11,2016.91666666667,15,1,2020.08333333333,17
1856285,80,2,30,2,1,1,0.0125,55,3.16666666666652,19,11,2016.91666666667,24,1,2020.08333333333,30
1860825,48,1,148,15,0,15,0.3125,86,2.41666666666652,23,11,2016.91666666667,21,4,2019.33333333333,148
1864303,41,1,39,2,0,2,0.0487804878048781,81,2.91666666666652,25,11,2016.91666666667,7,10,2019.83333333333,39
1871595,79,2,85,17,4,13,0.164556962025316,69,2.66666666666674,1,12,2017,24,8,2019.66666666667,85
1872465,84,5,60,15,4,11,0.130952380952381,57,3,2,12,2017,13,12,2020,60
1876925,134,1,42,0,0,0,0,129,3.08333333333326,5,12,2017,1,1,2020.08333333333,42
1889604,26,1,68,13,0,13,0.5,71,3.08333333333326,14,12,2017,3,1,2020.08333333333,68
1891939,63,1,34,3,0,3,0.0476190476190476,82,3.16666666666674,16,12,2017,28,2,2020.16666666667,34
1895216,82,1,54,2,1,1,0.0121951219512195,52,2.75,19,12,2017,21,9,2019.75,54
1903826,33,2,46,3,0,3,0.0909090909090909,79,2.83333333333326,26,12,2017,19,10,2019.83333333333,46
1905542,84,1,617,84,26,58,0.69047619047619,74,3.25,27,12,2017,29,3,2020.25,617
1906267,220,2,179,14,7,7,0.0318181818181818,103,2.25,28,12,2017,23,3,2019.25,179
1911513,44,3,63,0,0,0,0,52,3.08333333333348,1,1,2017.08333333333,25,2,2020.16666666667,63
1911603,39,1,285,62,4,58,1.48717948717949,173,3.08333333333348,1,1,2017.08333333333,29,2,2020.16666666667,285
1911838,31,1,140,17,3,14,0.451612903225806,55,3.08333333333348,1,1,2017.08333333333,1,2,2020.16666666667,140
1916881,73,1,46,1,0,1,0.0136986301369863,110,3.16666666666674,6,1,2017.08333333333,13,3,2020.25,46
1918475,64,1,46,3,0,3,0.046875,88,3,7,1,2017.08333333333,16,1,2020.08333333333,46
1928524,115,1,66,1,0,1,0.00869565217391304,88,3.16666666666674,15,1,2017.08333333333,20,3,2020.25,66
1928678,29,1,397,58,12,46,1.58620689655172,55,3.16666666666674,15,1,2017.08333333333,5,3,2020.25,397
1929269,56,1,112,9,0,9,0.160714285714286,71,3.16666666666674,16,1,2017.08333333333,29,3,2020.25,112
1931711,87,2,53,3,1,2,0.0229885057471264,128,2.83333333333348,18,1,2017.08333333333,29,11,2019.91666666667,53
1940636,82,1,14,2,0,2,0.024390243902439,75,2.83333333333348,25,1,2017.08333333333,29,11,2019.91666666667,14
1948592,60,5,94,17,4,13,0.216666666666667,72,2.75,30,1,2017.08333333333,26,10,2019.83333333333,94
1950543,88,2,47,4,0,4,0.0454545454545455,150,3.08333333333348,31,1,2017.08333333333,24,2,2020.16666666667,47
1954567,84,2,30,2,0,2,0.0238095238095238,60,3,3,2,2017.16666666667,4,2,2020.16666666667,30
1965517,69,1,48,6,0,6,0.0869565217391304,74,2.75,10,2,2017.16666666667,24,11,2019.91666666667,48
1968099,67,1,108,7,0,7,0.104477611940299,126,3.08333333333326,11,2,2017.16666666667,8,3,2020.25,108
1974790,68,2,183,28,15,13,0.191176470588235,60,3,16,2,2017.16666666667,28,2,2020.16666666667,183
1982925,94,3,179,20,1,19,0.202127659574468,60,3,21,2,2017.16666666667,19,2,2020.16666666667,179
1985513,199,2,357,19,7,12,0.0603015075376884,71,3.08333333333326,22,2,2017.16666666667,26,3,2020.25,357
1997987,59,2,332,51,20,31,0.525423728813559,84,3.08333333333326,25,2,2017.16666666667,17,3,2020.25,332
1998296,43,1,6,0,0,0,0,82,2.33333333333326,25,2,2017.16666666667,30,6,2019.5,6
2002666,111,2,4,0,0,0,0,89,3.08333333333326,27,2,2017.16666666667,24,3,2020.25,4
2003366,50,4,90,7,0,7,0.14,52,3.08333333333326,27,2,2017.16666666667,2,3,2020.25,90
2006021,27,2,253,25,3,22,0.814814814814815,79,2.91666666666652,28,2,2017.16666666667,25,1,2020.08333333333,253
2006750,34,2,28,3,1,2,0.0588235294117647,50,2,28,2,2017.16666666667,18,2,2019.16666666667,28
2008947,59,2,6,0,0,0,0,59,1.58333333333326,28,2,2017.16666666667,10,9,2018.75,6
2012951,92,2,191,22,5,17,0.184782608695652,60,3,1,3,2017.25,14,3,2020.25,191
2025171,216,4,267,18,1,17,0.0787037037037037,117,3,3,3,2017.25,28,3,2020.25,267
2035119,34,2,26,3,0,3,0.0882352941176471,74,2.83333333333326,5,3,2017.25,2,1,2020.08333333333,26
2045960,59,2,114,18,1,17,0.288135593220339,59,2.91666666666674,7,3,2017.25,3,2,2020.16666666667,114
2048883,90,1,364,28,4,24,0.266666666666667,96,2.83333333333326,8,3,2017.25,24,1,2020.08333333333,364
2062453,81,1,117,12,3,9,0.111111111111111,91,2.41666666666674,11,3,2017.25,2,8,2019.66666666667,117
2081800,60,2,34,6,3,3,0.05,87,2.33333333333326,15,3,2017.25,13,7,2019.58333333333,34
2100712,68,3,74,10,0,10,0.147058823529412,56,3,19,3,2017.25,20,3,2020.25,74
2102591,74,2,45,6,0,6,0.0810810810810811,73,2.83333333333326,20,3,2017.25,31,1,2020.08333333333,45
2105785,163,1,119,18,7,11,0.0674846625766871,57,3,20,3,2017.25,25,3,2020.25,119
2111234,40,3,3,0,0,0,0,51,1.41666666666674,22,3,2017.25,20,8,2018.66666666667,3
2123124,33,2,88,8,1,7,0.212121212121212,56,2.91666666666674,24,3,2017.25,18,2,2020.16666666667,88
2129851,27,3,86,14,0,14,0.518518518518518,70,3,26,3,2017.25,25,3,2020.25,86
2135382,49,2,135,28,5,23,0.469387755102041,125,2.83333333333326,27,3,2017.25,13,1,2020.08333333333,135
2143545,176,2,33,8,4,4,0.0227272727272727,128,2.91666666666674,29,3,2017.25,6,2,2020.16666666667,33
2147848,71,2,48,7,1,6,0.0845070422535211,96,2.5,31,3,2017.25,23,9,2019.75,48
2149208,62,1,729,116,47,69,1.11290322580645,83,3,31,3,2017.25,24,3,2020.25,729
2152664,66,1,116,9,2,7,0.106060606060606,94,2.91666666666674,1,4,2017.33333333333,17,3,2020.25,116
2155302,81,1,77,4,0,4,0.0493827160493827,78,2.91666666666674,1,4,2017.33333333333,20,3,2020.25,77
2164652,105,2,96,14,5,9,0.0857142857142857,57,2.25,4,4,2017.33333333333,18,7,2019.58333333333,96
2168304,58,1,84,3,0,3,0.0517241379310345,55,NA,5,4,2017.33333333333,20,17,NA,84
2175773,48,2,63,4,0,4,0.0833333333333333,60,2.75,6,4,2017.33333333333,17,1,2020.08333333333,63
2177777,41,1,49,6,0,6,0.146341463414634,69,2.83333333333348,7,4,2017.33333333333,4,2,2020.16666666667,49
2180476,60,2,2,0,0,0,0,51,2.25,8,4,2017.33333333333,23,7,2019.58333333333,2
2180831,114,2,71,8,3,5,0.043859649122807,138,2.66666666666674,8,4,2017.33333333333,20,12,2020,71
2183166,45,2,158,19,3,16,0.355555555555556,108,2.91666666666674,9,4,2017.33333333333,28,3,2020.25,158
2183494,108,3,16,0,0,0,0,100,2.66666666666674,9,4,2017.33333333333,6,12,2020,16
2183717,70,1,69,8,0,8,0.114285714285714,82,2.91666666666674,9,4,2017.33333333333,19,3,2020.25,69
2185364,49,1,120,5,1,4,0.0816326530612245,64,2.75,9,4,2017.33333333333,25,1,2020.08333333333,120
2186525,84,2,37,5,2,3,0.0357142857142857,60,2.83333333333348,9,4,2017.33333333333,1,2,2020.16666666667,37
2197317,48,4,177,29,6,23,0.479166666666667,71,2.83333333333348,12,4,2017.33333333333,17,2,2020.16666666667,177
2199198,211,5,66,9,3,6,0.028436018957346,109,2.5,12,4,2017.33333333333,17,10,2019.83333333333,66
2219714,87,2,64,6,0,6,0.0689655172413793,54,2.91666666666674,18,4,2017.33333333333,27,3,2020.25,64
2228157,38,1,68,8,3,5,0.131578947368421,54,2.33333333333348,19,4,2017.33333333333,7,8,2019.66666666667,68
2228253,26,1,15,2,1,1,0.0384615384615385,51,2.08333333333348,19,4,2017.33333333333,29,5,2019.41666666667,15
2228796,230,2,718,100,21,79,0.343478260869565,236,2.91666666666674,20,4,2017.33333333333,13,3,2020.25,718
2236791,20,2,35,2,1,1,0.05,59,2.58333333333348,21,4,2017.33333333333,12,11,2019.91666666667,35
2241502,79,2,32,1,0,1,0.0126582278481013,153,1.25,22,4,2017.33333333333,16,7,2018.58333333333,32
2242482,242,4,101,5,0,5,0.0206611570247934,73,1.25,22,4,2017.33333333333,29,7,2018.58333333333,101
2247056,191,5,332,23,8,15,0.0785340314136126,51,2.83333333333348,23,4,2017.33333333333,25,2,2020.16666666667,332
2249893,30,1,29,3,0,3,0.1,55,2.16666666666674,24,4,2017.33333333333,22,6,2019.5,29
2250328,35,1,10,0,0,0,0,53,2.5,24,4,2017.33333333333,30,10,2019.83333333333,10
2255415,32,1,95,13,3,10,0.3125,76,2.83333333333348,25,4,2017.33333333333,9,2,2020.16666666667,95
2260179,56,2,7,0,0,0,0,57,2.75,27,4,2017.33333333333,12,1,2020.08333333333,7
2276487,40,2,83,14,1,13,0.325,66,2.91666666666674,30,4,2017.33333333333,16,3,2020.25,83
2286176,140,3,525,57,4,53,0.378571428571429,95,2.83333333333326,3,5,2017.41666666667,29,3,2020.25,525
2291931,129,1,153,9,0,9,0.0697674418604651,75,2.25,4,5,2017.41666666667,15,8,2019.66666666667,153
2294038,80,2,135,15,0,15,0.1875,234,2.66666666666652,4,5,2017.41666666667,25,1,2020.08333333333,135
2298726,117,1,97,5,1,4,0.0341880341880342,70,2.83333333333326,5,5,2017.41666666667,29,3,2020.25,97
2299099,54,1,324,65,0,65,1.2037037037037,161,2.83333333333326,5,5,2017.41666666667,26,3,2020.25,324
2307189,68,2,27,1,0,1,0.0147058823529412,52,2.66666666666652,7,5,2017.41666666667,24,1,2020.08333333333,27
2318169,34,2,17,2,0,2,0.0588235294117647,50,2.66666666666652,9,5,2017.41666666667,16,1,2020.08333333333,17
2318891,110,2,80,11,2,9,0.0818181818181818,111,2.83333333333326,9,5,2017.41666666667,24,3,2020.25,80
2320602,31,2,15,2,0,2,0.0645161290322581,58,2.41666666666652,10,5,2017.41666666667,8,10,2019.83333333333,15
2340146,72,1,423,50,18,32,0.444444444444444,76,2.83333333333326,13,5,2017.41666666667,25,3,2020.25,423
2343863,56,1,250,24,5,19,0.339285714285714,57,2.83333333333326,14,5,2017.41666666667,19,3,2020.25,250
2350866,42,1,89,10,0,10,0.238095238095238,60,2.08333333333326,15,5,2017.41666666667,11,6,2019.5,89
2351199,67,2,466,54,4,50,0.746268656716418,70,2.83333333333326,15,5,2017.41666666667,24,3,2020.25,466
2358476,27,5,35,1,0,1,0.037037037037037,61,2.25,17,5,2017.41666666667,21,8,2019.66666666667,35
2371511,65,1,29,4,2,2,0.0307692307692308,75,2.83333333333326,19,5,2017.41666666667,29,3,2020.25,29
2377760,37,1,258,25,1,24,0.648648648648649,54,2.08333333333326,20,5,2017.41666666667,13,6,2019.5,258
2382033,83,1,107,3,0,3,0.036144578313253,52,2.66666666666652,21,5,2017.41666666667,21,1,2020.08333333333,107
2401320,88,5,367,46,6,40,0.454545454545455,93,2.83333333333326,25,5,2017.41666666667,21,3,2020.25,367
2415104,36,2,87,17,6,11,0.305555555555556,57,2.08333333333326,29,5,2017.41666666667,11,6,2019.5,87
2426062,152,2,3,0,0,0,0,54,2.58333333333326,31,5,2017.41666666667,17,12,2020,3
2442784,32,1,45,4,0,4,0.125,72,2.58333333333326,3,6,2017.5,17,1,2020.08333333333,45
2447021,95,2,260,44,11,33,0.347368421052632,312,2.75,4,6,2017.5,26,3,2020.25,260
2447584,51,1,123,13,2,11,0.215686274509804,83,2.66666666666674,4,6,2017.5,26,2,2020.16666666667,123
2463418,85,2,37,1,0,1,0.0117647058823529,76,2.41666666666674,8,6,2017.5,6,11,2019.91666666667,37
2464997,42,2,34,2,0,2,0.0476190476190476,71,2.41666666666674,8,6,2017.5,27,11,2019.91666666667,34
2480281,104,2,102,14,7,7,0.0673076923076923,64,2.58333333333326,12,6,2017.5,7,1,2020.08333333333,102
2491161,52,1,135,13,2,11,0.211538461538462,66,2.75,14,6,2017.5,25,3,2020.25,135
2493222,79,5,380,75,40,35,0.443037974683544,118,2.66666666666674,14,6,2017.5,27,2,2020.16666666667,380
2494308,55,5,849,105,35,70,1.27272727272727,66,2.75,15,6,2017.5,25,3,2020.25,849
2508257,50,1,20,0,0,0,0,59,2.16666666666674,18,6,2017.5,22,8,2019.66666666667,20
2517170,48,3,93,7,1,6,0.125,51,1.58333333333326,20,6,2017.5,11,1,2019.08333333333,93
2527621,84,2,128,19,5,14,0.166666666666667,86,2.75,23,6,2017.5,13,3,2020.25,128
2531275,43,3,11,1,0,1,0.0232558139534884,70,2.08333333333326,24,6,2017.5,15,7,2019.58333333333,11
2531472,30,1,56,5,0,5,0.166666666666667,66,1.91666666666674,24,6,2017.5,29,5,2019.41666666667,56
2549782,48,5,63,4,2,2,0.0416666666666667,70,2.33333333333326,27,6,2017.5,29,10,2019.83333333333,63
2557032,52,4,16,3,0,3,0.0576923076923077,68,1.41666666666674,29,6,2017.5,26,11,2018.91666666667,16
2558897,86,2,485,61,33,28,0.325581395348837,99,2.66666666666674,29,6,2017.5,25,2,2020.16666666667,485
2566796,62,1,541,46,10,36,0.580645161290323,76,2.75,30,6,2017.5,13,3,2020.25,541
2570133,40,1,21,1,0,1,0.025,73,2.58333333333348,1,7,2017.58333333333,13,2,2020.16666666667,21
2571458,30,1,30,6,0,6,0.2,66,2.25,2,7,2017.58333333333,2,10,2019.83333333333,30
2576977,47,1,12,0,0,0,0,80,2.08333333333348,3,7,2017.58333333333,17,8,2019.66666666667,12
2580753,123,3,90,11,1,10,0.0813008130081301,95,2.58333333333348,4,7,2017.58333333333,27,2,2020.16666666667,90
2589215,136,1,66,4,1,3,0.0220588235294118,119,2,6,7,2017.58333333333,9,7,2019.58333333333,66
2590878,90,1,158,4,0,4,0.0444444444444444,64,2.25,6,7,2017.58333333333,14,10,2019.83333333333,158
2594647,89,5,10,2,1,1,0.0112359550561798,80,2.16666666666674,7,7,2017.58333333333,4,9,2019.75,10
2594656,95,5,245,34,6,28,0.294736842105263,72,2.58333333333348,7,7,2017.58333333333,6,2,2020.16666666667,245
2600970,102,2,298,38,13,25,0.245098039215686,268,2,8,7,2017.58333333333,24,7,2019.58333333333,298
2604386,137,3,26,0,0,0,0,54,2.41666666666674,9,7,2017.58333333333,24,12,2020,26
2607222,63,5,160,17,5,12,0.19047619047619,61,2.66666666666674,9,7,2017.58333333333,18,3,2020.25,160
2611277,59,5,30,5,2,3,0.0508474576271186,69,2.5,10,7,2017.58333333333,28,1,2020.08333333333,30
2622682,39,2,35,6,1,5,0.128205128205128,70,2.58333333333348,12,7,2017.58333333333,18,2,2020.16666666667,35
2623377,102,1,97,14,4,10,0.0980392156862745,109,2.58333333333348,12,7,2017.58333333333,20,2,2020.16666666667,97
2634431,76,1,21,2,0,2,0.0263157894736842,70,2.08333333333348,14,7,2017.58333333333,13,8,2019.66666666667,21
2636361,175,5,17,0,0,0,0,52,2.33333333333348,15,7,2017.58333333333,26,11,2019.91666666667,17
2647414,96,5,5,0,0,0,0,67,2.41666666666674,17,7,2017.58333333333,27,12,2020,5
2647715,84,1,41,1,0,1,0.0119047619047619,57,2.33333333333348,17,7,2017.58333333333,13,11,2019.91666666667,41
2655317,33,2,35,2,0,2,0.0606060606060606,51,2.25,18,7,2017.58333333333,14,10,2019.83333333333,35
2659279,84,5,208,24,3,21,0.25,55,1.91666666666674,19,7,2017.58333333333,5,6,2019.5,208
2660526,52,1,1300,119,1,118,2.26923076923077,51,2.66666666666674,19,7,2017.58333333333,26,3,2020.25,1300
2671750,59,3,17,3,1,2,0.0338983050847458,65,2.58333333333348,21,7,2017.58333333333,5,2,2020.16666666667,17
2672023,49,1,239,20,5,15,0.306122448979592,53,2.66666666666674,21,7,2017.58333333333,18,3,2020.25,239
2677086,58,1,31,0,0,0,0,60,2.58333333333348,22,7,2017.58333333333,8,2,2020.16666666667,31
2679491,77,2,20,0,0,0,0,56,2.5,23,7,2017.58333333333,2,1,2020.08333333333,20
2680835,145,1,312,38,8,30,0.206896551724138,82,2.66666666666674,23,7,2017.58333333333,20,3,2020.25,312
2687210,41,1,165,8,2,6,0.146341463414634,50,NA,24,7,2017.58333333333,1,NA,NA,165
2692624,171,2,85,7,2,5,0.0292397660818713,99,2.58333333333348,25,7,2017.58333333333,26,2,2020.16666666667,85
2694286,55,5,56,8,2,6,0.109090909090909,53,2.66666666666674,25,7,2017.58333333333,2,3,2020.25,56
2696854,132,2,19,0,0,0,0,50,2.33333333333348,26,7,2017.58333333333,28,11,2019.91666666667,19
2727509,36,2,266,38,11,27,0.75,65,2.66666666666674,31,7,2017.58333333333,24,3,2020.25,266
2747548,65,1,284,28,10,18,0.276923076923077,88,2.5,4,8,2017.66666666667,27,2,2020.16666666667,284
2752629,25,1,166,16,2,14,0.56,54,2.5,5,8,2017.66666666667,6,2,2020.16666666667,166
2755863,43,2,44,6,3,3,0.0697674418604651,62,2.58333333333326,6,8,2017.66666666667,13,3,2020.25,44
2760989,65,4,2,0,0,0,0,110,2.5,7,8,2017.66666666667,13,2,2020.16666666667,2
2771697,107,1,547,45,2,43,0.401869158878505,109,2.58333333333326,11,8,2017.66666666667,13,3,2020.25,547
2782975,89,1,134,10,3,7,0.0786516853932584,91,2.08333333333326,13,8,2017.66666666667,10,9,2019.75,134
2785391,270,5,6,0,0,0,0,54,2.25,14,8,2017.66666666667,20,11,2019.91666666667,6
2787682,243,3,2,0,0,0,0,105,1.75,15,8,2017.66666666667,24,5,2019.41666666667,2
2787963,86,2,20,4,3,1,0.0116279069767442,134,2.5,15,8,2017.66666666667,5,2,2020.16666666667,20
2788568,148,5,19,1,0,1,0.00675675675675676,95,2.08333333333326,15,8,2017.66666666667,21,9,2019.75,19
2794437,38,2,28,4,0,4,0.105263157894737,51,2.08333333333326,17,8,2017.66666666667,13,9,2019.75,28
2795788,46,5,5,0,0,0,0,50,2.41666666666652,17,8,2017.66666666667,28,1,2020.08333333333,5
2800743,110,1,38,5,1,4,0.0363636363636364,94,2.25,19,8,2017.66666666667,27,11,2019.91666666667,38
2808566,196,1,92,2,0,2,0.0102040816326531,76,2.58333333333326,21,8,2017.66666666667,21,3,2020.25,92
2814569,376,2,749,124,60,64,0.170212765957447,688,2.58333333333326,23,8,2017.66666666667,29,3,2020.25,749
2814993,90,2,259,23,1,22,0.244444444444444,78,2.58333333333326,23,8,2017.66666666667,25,3,2020.25,259
2815997,70,5,16,1,0,1,0.0142857142857143,57,2.5,23,8,2017.66666666667,22,2,2020.16666666667,16
2822672,51,4,51,5,0,5,0.0980392156862745,52,1.58333333333326,25,8,2017.66666666667,13,3,2019.25,51
2825805,158,1,53,4,0,4,0.0253164556962025,71,2.58333333333326,26,8,2017.66666666667,3,3,2020.25,53
2830501,103,2,102,13,2,11,0.106796116504854,54,2.58333333333326,27,8,2017.66666666667,17,3,2020.25,102
2832111,137,5,452,46,7,39,0.284671532846715,82,2.5,28,8,2017.66666666667,29,2,2020.16666666667,452
2857337,149,5,51,6,2,4,0.0268456375838926,80,2.5,4,9,2017.75,7,3,2020.25,51
2863282,61,2,86,7,2,5,0.0819672131147541,92,2.5,5,9,2017.75,6,3,2020.25,86
2872318,322,5,487,16,5,11,0.0341614906832298,102,2.5,8,9,2017.75,2,3,2020.25,487
2873241,62,2,48,5,1,4,0.0645161290322581,80,2,8,9,2017.75,14,9,2019.75,48
2873297,102,1,112,8,3,5,0.0490196078431373,95,2.5,8,9,2017.75,15,3,2020.25,112
2875334,75,1,126,12,0,12,0.16,161,2.41666666666674,8,9,2017.75,5,2,2020.16666666667,126
2878085,120,1,119,10,3,7,0.0583333333333333,101,1.66666666666674,9,9,2017.75,22,5,2019.41666666667,119
2881568,110,5,344,50,10,40,0.363636363636364,93,2.41666666666674,10,9,2017.75,21,2,2020.16666666667,344
2883179,92,5,17,0,0,0,0,62,2.33333333333326,10,9,2017.75,10,1,2020.08333333333,17
2885330,34,2,14,0,0,0,0,57,2.5,10,9,2017.75,5,3,2020.25,14
2899351,67,2,112,14,3,11,0.164179104477612,51,2.5,14,9,2017.75,16,3,2020.25,112
2903556,114,5,32,5,3,2,0.0175438596491228,50,2.41666666666674,15,9,2017.75,3,2,2020.16666666667,32
2905030,104,1,161,17,3,14,0.134615384615385,90,2.5,15,9,2017.75,29,3,2020.25,161
2914868,56,4,36,5,0,5,0.0892857142857143,61,1.91666666666674,17,9,2017.75,3,8,2019.66666666667,36
2917916,62,4,23,0,0,0,0,55,2.41666666666674,18,9,2017.75,14,2,2020.16666666667,23
2923714,103,5,67,4,0,4,0.0388349514563107,74,2.5,19,9,2017.75,6,3,2020.25,67
2930588,64,3,42,3,0,3,0.046875,81,2.5,20,9,2017.75,2,3,2020.25,42
2939116,65,1,333,22,2,20,0.307692307692308,54,2.41666666666674,22,9,2017.75,19,2,2020.16666666667,333
2945467,49,5,37,2,1,1,0.0204081632653061,59,2.33333333333326,23,9,2017.75,3,1,2020.08333333333,37
2947456,46,1,235,23,5,18,0.391304347826087,58,2.33333333333326,24,9,2017.75,10,1,2020.08333333333,235
2961334,166,2,412,33,10,23,0.13855421686747,130,2.5,27,9,2017.75,24,3,2020.25,412
2979647,117,1,146,4,0,4,0.0341880341880342,95,1.83333333333348,1,10,2017.83333333333,10,8,2019.66666666667,146
2982546,41,1,83,5,0,5,0.121951219512195,58,2.41666666666674,2,10,2017.83333333333,27,3,2020.25,83
2983182,113,4,31,0,0,0,0,96,2.33333333333348,2,10,2017.83333333333,3,2,2020.16666666667,31
2984873,160,2,124,3,0,3,0.01875,59,2.41666666666674,2,10,2017.83333333333,5,3,2020.25,124
2986261,104,3,56,1,0,1,0.00961538461538462,54,2.25,3,10,2017.83333333333,25,1,2020.08333333333,56
2991891,64,2,15,3,0,3,0.046875,50,2.41666666666674,4,10,2017.83333333333,27,3,2020.25,15
3007037,50,2,68,10,2,8,0.16,57,2.33333333333348,7,10,2017.83333333333,23,2,2020.16666666667,68
3017478,121,5,381,4,0,4,0.0330578512396694,125,2.41666666666674,9,10,2017.83333333333,28,3,2020.25,381
3020965,98,1,185,13,4,9,0.0918367346938776,56,2.41666666666674,10,10,2017.83333333333,26,3,2020.25,185
3044183,120,2,51,2,0,2,0.0166666666666667,59,2.33333333333348,15,10,2017.83333333333,22,2,2020.16666666667,51
3047046,93,2,60,8,0,8,0.0860215053763441,91,2.41666666666674,16,10,2017.83333333333,29,3,2020.25,60
3048359,102,4,202,23,1,22,0.215686274509804,240,2.33333333333348,16,10,2017.83333333333,29,2,2020.16666666667,202
3050223,64,1,44,7,2,5,0.078125,61,2.41666666666674,17,10,2017.83333333333,21,3,2020.25,44
3056164,34,4,125,23,1,22,0.647058823529412,65,2.33333333333348,18,10,2017.83333333333,18,2,2020.16666666667,125
3061381,80,1,888,130,29,101,1.2625,155,2.08333333333348,19,10,2017.83333333333,5,11,2019.91666666667,888
3079006,61,2,761,101,10,91,1.49180327868852,67,2.41666666666674,23,10,2017.83333333333,25,3,2020.25,761
3080004,117,1,29,0,0,0,0,163,2.33333333333348,23,10,2017.83333333333,2,2,2020.16666666667,29
3080018,151,4,22,0,0,0,0,148,2.25,23,10,2017.83333333333,9,1,2020.08333333333,22
3090006,107,2,60,2,0,2,0.0186915887850467,82,2.16666666666674,25,10,2017.83333333333,5,12,2020,60
3091305,59,1,189,13,5,8,0.135593220338983,77,2,26,10,2017.83333333333,20,10,2019.83333333333,189
3094357,101,2,86,6,3,3,0.0297029702970297,73,2.16666666666674,26,10,2017.83333333333,29,12,2020,86
3096315,44,1,27,0,0,0,0,54,2.25,27,10,2017.83333333333,16,1,2020.08333333333,27
3103475,74,3,91,8,0,8,0.108108108108108,74,2.41666666666674,28,10,2017.83333333333,23,3,2020.25,91
3104038,57,5,474,78,22,56,0.982456140350877,125,2.41666666666674,28,10,2017.83333333333,16,3,2020.25,474
3117462,117,2,132,18,4,14,0.11965811965812,128,2.33333333333348,31,10,2017.83333333333,5,2,2020.16666666667,132
3140535,70,4,24,7,3,4,0.0571428571428571,71,2.16666666666652,9,11,2017.91666666667,15,1,2020.08333333333,24
3146828,83,4,37,4,0,4,0.0481927710843374,59,2.16666666666652,11,11,2017.91666666667,18,1,2020.08333333333,37
3156484,66,5,61,4,0,4,0.0606060606060606,63,2,15,11,2017.91666666667,7,11,2019.91666666667,61
3160974,188,5,84,5,0,5,0.0265957446808511,52,2.33333333333326,17,11,2017.91666666667,23,3,2020.25,84
3181599,111,5,302,35,30,5,0.045045045045045,56,2.33333333333326,27,11,2017.91666666667,25,3,2020.25,302
3185997,71,1,252,33,3,30,0.422535211267606,143,2.33333333333326,29,11,2017.91666666667,23,3,2020.25,252
3187952,93,4,331,27,4,23,0.247311827956989,166,2.33333333333326,30,11,2017.91666666667,27,3,2020.25,331
3201735,157,5,48,7,4,3,0.0191082802547771,124,2.25,7,12,2018,11,3,2020.25,48
3216436,40,1,247,33,7,26,0.65,120,2.16666666666674,14,12,2018,20,2,2020.16666666667,247
3220818,64,5,43,4,2,2,0.03125,50,2.16666666666674,16,12,2018,21,2,2020.16666666667,43
3230888,120,5,70,11,2,9,0.075,62,2.25,21,12,2018,5,3,2020.25,70
3241364,220,1,34,0,0,0,0,199,2,26,12,2018,5,12,2020,34
3241833,60,1,365,34,8,26,0.433333333333333,114,2.25,26,12,2018,27,3,2020.25,365
3261106,164,2,8,0,0,0,0,92,1.58333333333348,5,1,2018.08333333333,8,8,2019.66666666667,8
3276538,149,1,75,4,0,4,0.0268456375838926,258,1.91666666666674,12,1,2018.08333333333,1,12,2020,75
3284907,105,5,3,0,0,0,0,80,2.08333333333348,20,1,2018.08333333333,12,2,2020.16666666667,3
3287488,224,5,41,0,0,0,0,93,2.16666666666674,22,1,2018.08333333333,8,3,2020.25,41
3296505,129,2,351,23,7,16,0.124031007751938,80,2.16666666666674,27,1,2018.08333333333,14,3,2020.25,351
3298466,29,2,66,8,1,7,0.241379310344828,67,2.08333333333348,27,1,2018.08333333333,25,2,2020.16666666667,66
3308740,66,4,13,1,0,1,0.0151515151515152,53,2,31,1,2018.08333333333,24,1,2020.08333333333,13
3314929,42,1,213,33,12,21,0.5,93,2,2,2,2018.16666666667,28,2,2020.16666666667,213
3319174,90,5,49,7,0,7,0.0777777777777778,66,2,3,2,2018.16666666667,18,2,2020.16666666667,49
3320078,118,1,39,0,0,0,0,68,2.08333333333326,4,2,2018.16666666667,16,3,2020.25,39
3322722,225,5,15,1,0,1,0.00444444444444444,148,1.91666666666652,5,2,2018.16666666667,11,1,2020.08333333333,15
3328011,114,1,101,7,1,6,0.0526315789473684,119,1.91666666666652,6,2,2018.16666666667,6,1,2020.08333333333,101
3330518,24,1,4,0,0,0,0,54,1.75,7,2,2018.16666666667,3,11,2019.91666666667,4
3332288,48,1,89,11,2,9,0.1875,70,2.08333333333326,7,2,2018.16666666667,3,3,2020.25,89
3334075,33,1,44,2,0,2,0.0606060606060606,52,1.91666666666652,8,2,2018.16666666667,18,1,2020.08333333333,44
3336401,34,2,70,6,1,5,0.147058823529412,63,2.08333333333326,8,2,2018.16666666667,9,3,2020.25,70
3338645,36,1,170,15,0,15,0.416666666666667,61,2.08333333333326,9,2,2018.16666666667,15,3,2020.25,170
3341424,72,5,1058,69,17,52,0.722222222222222,50,2.08333333333326,10,2,2018.16666666667,29,3,2020.25,1058
3342721,44,5,60,2,0,2,0.0454545454545455,62,1.83333333333326,10,2,2018.16666666667,1,12,2020,60
3342838,39,2,4,0,0,0,0,50,1.83333333333326,10,2,2018.16666666667,5,12,2020,4
3345804,28,1,43,4,0,4,0.142857142857143,56,1.83333333333326,11,2,2018.16666666667,1,12,2020,43
3355017,37,4,57,10,3,7,0.189189189189189,71,2.08333333333326,13,2,2018.16666666667,5,3,2020.25,57
3366876,37,2,44,7,2,5,0.135135135135135,113,2,16,2,2018.16666666667,8,2,2020.16666666667,44
3371779,19,1,54,9,2,7,0.368421052631579,99,1.16666666666652,18,2,2018.16666666667,20,4,2019.33333333333,54
3372656,65,5,92,10,2,8,0.123076923076923,58,1,18,2,2018.16666666667,24,2,2019.16666666667,92
3388191,57,1,83,8,0,8,0.140350877192982,79,1.91666666666652,23,2,2018.16666666667,4,1,2020.08333333333,83
3396189,76,3,102,9,1,8,0.105263157894737,90,1.91666666666652,25,2,2018.16666666667,10,1,2020.08333333333,102
3406214,118,5,43,3,0,3,0.0254237288135593,69,1.5,1,3,2018.25,4,9,2019.75,43
3411669,84,2,146,15,3,12,0.142857142857143,50,2,4,3,2018.25,23,3,2020.25,146
3417796,1487,1,185,15,2,13,0.00874243443174176,388,1.91666666666674,6,3,2018.25,21,2,2020.16666666667,185
3429841,48,1,97,4,0,4,0.0833333333333333,56,1.83333333333326,11,3,2018.25,16,1,2020.08333333333,97
3437961,242,2,102,3,0,3,0.012396694214876,103,2,13,3,2018.25,4,3,2020.25,102
3439650,53,1,181,13,0,13,0.245283018867925,93,2,14,3,2018.25,20,3,2020.25,181
3452321,51,1,172,34,17,17,0.333333333333333,70,2,19,3,2018.25,18,3,2020.25,172
3456783,112,2,125,14,4,10,0.0892857142857143,62,1.91666666666674,21,3,2018.25,15,2,2020.16666666667,125
3464584,87,1,336,30,3,27,0.310344827586207,90,2,24,3,2018.25,19,3,2020.25,336
3468106,80,2,264,33,10,23,0.2875,59,1.83333333333326,25,3,2018.25,3,1,2020.08333333333,264
3468875,44,2,113,13,3,10,0.227272727272727,54,1.83333333333326,26,3,2018.25,5,1,2020.08333333333,113
3487630,190,5,303,24,2,22,0.115789473684211,117,1.91666666666674,3,4,2018.33333333333,18,3,2020.25,303
3490078,56,5,572,74,12,62,1.10714285714286,58,1.83333333333348,3,4,2018.33333333333,15,2,2020.16666666667,572
3505627,325,2,130,5,0,5,0.0153846153846154,170,1.5,9,4,2018.33333333333,25,10,2019.83333333333,130
3518158,68,5,458,54,13,41,0.602941176470588,60,1.91666666666674,13,4,2018.33333333333,18,3,2020.25,458
3520549,137,1,219,25,11,14,0.102189781021898,142,1.58333333333348,14,4,2018.33333333333,25,11,2019.91666666667,219
3524831,42,5,4,0,0,0,0,61,1.66666666666674,16,4,2018.33333333333,8,12,2020,4
3525796,53,4,178,30,1,29,0.547169811320755,159,1.91666666666674,16,4,2018.33333333333,12,3,2020.25,178
3533038,56,1,122,13,5,8,0.142857142857143,79,1.91666666666674,19,4,2018.33333333333,10,3,2020.25,122
3538482,28,2,8,0,0,0,0,52,1.25,20,4,2018.33333333333,17,7,2019.58333333333,8
3547459,230,1,588,72,11,61,0.265217391304348,193,1.58333333333348,24,4,2018.33333333333,28,11,2019.91666666667,588
3561169,58,2,125,20,4,16,0.275862068965517,222,1.91666666666674,30,4,2018.33333333333,27,3,2020.25,125
3564761,104,3,147,22,5,17,0.163461538461538,86,1.83333333333326,1,5,2018.41666666667,20,3,2020.25,147
3569065,26,4,484,58,5,53,2.03846153846154,50,1.83333333333326,3,5,2018.41666666667,27,3,2020.25,484
3580496,82,5,37,4,2,2,0.024390243902439,118,1.75,8,5,2018.41666666667,20,2,2020.16666666667,37
3580968,62,4,32,4,0,4,0.0645161290322581,112,1.83333333333326,8,5,2018.41666666667,11,3,2020.25,32
3581346,46,1,13,2,1,1,0.0217391304347826,105,1.33333333333326,8,5,2018.41666666667,13,9,2019.75,13
3581608,39,1,143,24,2,22,0.564102564102564,53,0.333333333333258,8,5,2018.41666666667,20,9,2018.75,143
3583330,39,3,138,17,2,15,0.384615384615385,50,1.66666666666652,9,5,2018.41666666667,14,1,2020.08333333333,138
3609834,42,3,108,11,0,11,0.261904761904762,61,1.83333333333326,27,5,2018.41666666667,9,3,2020.25,108
3622596,74,1,27,3,0,3,0.0405405405405405,78,0.916666666666742,10,6,2018.5,7,5,2019.41666666667,27
3623979,58,4,13,1,0,1,0.0172413793103448,79,1.08333333333326,12,6,2018.5,20,7,2019.58333333333,13
3624077,154,1,462,19,3,16,0.103896103896104,91,1.66666666666674,12,6,2018.5,27,2,2020.16666666667,462
3630381,147,4,395,9,1,8,0.054421768707483,75,1.75,22,6,2018.5,27,3,2020.25,395
3632588,15,4,14,2,0,2,0.133333333333333,54,1.66666666666674,26,6,2018.5,18,2,2020.16666666667,14
3634276,49,1,11,0,0,0,0,56,0.166666666666742,28,6,2018.5,25,8,2018.66666666667,11
3635910,36,1,171,24,2,22,0.611111111111111,54,1.58333333333348,1,7,2018.58333333333,24,2,2020.16666666667,171
3647456,36,4,9,0,0,0,0,68,1.33333333333348,7,7,2018.58333333333,23,11,2019.91666666667,9
3647850,25,1,62,5,1,4,0.16,50,1.5,7,7,2018.58333333333,24,1,2020.08333333333,62
3651544,59,1,166,6,1,5,0.0847457627118644,82,1.5,11,7,2018.58333333333,6,1,2020.08333333333,166
3654313,28,2,81,10,0,10,0.357142857142857,65,1.58333333333348,13,7,2018.58333333333,24,2,2020.16666666667,81
3665817,149,5,214,6,1,5,0.0335570469798658,55,1.58333333333348,24,7,2018.58333333333,27,2,2020.16666666667,214
3666354,282,1,80,8,3,5,0.0177304964539007,105,1.66666666666674,25,7,2018.58333333333,19,3,2020.25,80
3669535,202,2,29,0,0,0,0,78,1.58333333333348,28,7,2018.58333333333,13,2,2020.16666666667,29
3671546,61,1,125,10,1,9,0.147540983606557,120,1.16666666666674,30,7,2018.58333333333,12,9,2019.75,125
3673968,52,2,117,23,1,22,0.423076923076923,108,1.58333333333326,1,8,2018.66666666667,11,3,2020.25,117
3682140,30,2,23,5,1,4,0.133333333333333,86,1.41666666666652,10,8,2018.66666666667,20,1,2020.08333333333,23
3690451,65,5,354,23,2,21,0.323076923076923,55,1.58333333333326,19,8,2018.66666666667,21,3,2020.25,354
3727424,45,2,81,8,1,7,0.155555555555556,54,1.5,22,9,2018.75,20,3,2020.25,81
3728906,59,1,758,51,19,32,0.542372881355932,55,1.5,23,9,2018.75,16,3,2020.25,758
3730143,18,1,95,14,1,13,0.722222222222222,96,1.5,24,9,2018.75,29,3,2020.25,95
3733386,32,1,188,24,4,20,0.625,50,1.5,28,9,2018.75,11,3,2020.25,188
3733921,12,2,24,0,0,0,0,50,1.08333333333326,29,9,2018.75,16,10,2019.83333333333,24
3734536,62,1,96,2,0,2,0.032258064516129,61,1.41666666666674,29,9,2018.75,27,2,2020.16666666667,96
3734746,32,1,25,6,2,4,0.125,56,1.16666666666674,30,9,2018.75,19,11,2019.91666666667,25
3738687,80,1,279,19,5,14,0.175,51,1.33333333333348,2,10,2018.83333333333,18,2,2020.16666666667,279
3742017,60,2,17,0,0,0,0,115,0.75,6,10,2018.83333333333,6,7,2019.58333333333,17
3743375,28,1,74,10,3,7,0.25,50,1,8,10,2018.83333333333,27,10,2019.83333333333,74
3743645,34,1,46,5,0,5,0.147058823529412,51,1.08333333333348,8,10,2018.83333333333,1,11,2019.91666666667,46
3744599,66,1,25,5,0,5,0.0757575757575758,117,1.33333333333348,9,10,2018.83333333333,23,2,2020.16666666667,25
3748391,42,1,23,4,0,4,0.0952380952380952,139,1.25,14,10,2018.83333333333,28,1,2020.08333333333,23
3751226,66,2,75,0,0,0,0,59,1.33333333333348,17,10,2018.83333333333,12,2,2020.16666666667,75
3759645,57,5,76,6,1,5,0.087719298245614,63,1.41666666666674,29,10,2018.83333333333,11,3,2020.25,76
3777652,63,1,75,12,3,9,0.142857142857143,224,1.16666666666652,11,11,2018.91666666667,22,1,2020.08333333333,75
3779381,25,4,40,7,0,7,0.28,55,1.25,12,11,2018.91666666667,24,2,2020.16666666667,40
3782217,28,1,2,0,0,0,0,68,1.08333333333326,13,11,2018.91666666667,6,12,2020,2
3789199,81,1,108,12,2,10,0.123456790123457,89,0.833333333333258,17,11,2018.91666666667,12,9,2019.75,108
3804933,35,2,138,16,4,12,0.342857142857143,56,1.33333333333326,25,11,2018.91666666667,10,3,2020.25,138
3818314,35,2,30,3,0,3,0.0857142857142857,74,1.08333333333326,2,12,2019,14,1,2020.08333333333,30
3819584,45,1,19,1,0,1,0.0222222222222222,58,1.08333333333326,3,12,2019,15,1,2020.08333333333,19
3839360,46,1,184,6,1,5,0.108695652173913,67,1.16666666666674,13,12,2019,7,2,2020.16666666667,184
3840392,44,2,106,12,0,12,0.272727272727273,82,1.16666666666674,14,12,2019,1,2,2020.16666666667,106
3846356,58,1,248,20,0,20,0.344827586206897,94,1.16666666666674,17,12,2019,14,2,2020.16666666667,248
3849675,63,2,150,13,3,10,0.158730158730159,56,1.16666666666674,19,12,2019,27,2,2020.16666666667,150
3867646,33,2,160,21,6,15,0.454545454545455,52,1.25,27,12,2019,18,3,2020.25,160
3868346,53,4,211,30,6,24,0.452830188679245,75,1.25,28,12,2019,27,3,2020.25,211
3868474,26,2,232,50,11,39,1.5,63,1.25,28,12,2019,3,3,2020.25,232
3868733,134,5,89,6,1,5,0.0373134328358209,57,1.25,28,12,2019,26,3,2020.25,89
3869819,73,1,48,3,2,1,0.0136986301369863,173,1.25,28,12,2019,5,3,2020.25,48
3888191,84,2,61,6,2,4,0.0476190476190476,72,1.16666666666674,8,1,2019.08333333333,28,3,2020.25,61
3894301,141,2,385,55,14,41,0.290780141843972,160,1.16666666666674,11,1,2019.08333333333,19,3,2020.25,385
3895033,142,1,188,19,2,17,0.119718309859155,133,1.08333333333348,11,1,2019.08333333333,15,2,2020.16666666667,188
3899707,51,5,148,21,6,15,0.294117647058824,51,1.16666666666674,14,1,2019.08333333333,19,3,2020.25,148
3908963,60,5,286,40,16,24,0.4,90,1.08333333333348,18,1,2019.08333333333,21,2,2020.16666666667,286
3909024,37,1,220,33,3,30,0.810810810810811,58,1.16666666666674,18,1,2019.08333333333,17,3,2020.25,220
3914667,74,1,189,17,2,15,0.202702702702703,90,1,20,1,2019.08333333333,17,1,2020.08333333333,189
3916253,27,2,492,71,12,59,2.18518518518519,105,1.16666666666674,21,1,2019.08333333333,8,3,2020.25,492
3917758,119,1,140,16,0,16,0.134453781512605,80,1.08333333333348,22,1,2019.08333333333,10,2,2020.16666666667,140
3922704,82,2,123,19,6,13,0.158536585365854,59,0.833333333333485,24,1,2019.08333333333,23,11,2019.91666666667,123
3925004,108,5,80,9,3,6,0.0555555555555556,61,1.08333333333348,25,1,2019.08333333333,8,2,2020.16666666667,80
3927702,45,4,98,11,3,8,0.177777777777778,72,1.08333333333348,26,1,2019.08333333333,29,2,2020.16666666667,98
3933464,48,5,128,16,1,15,0.3125,85,1.16666666666674,29,1,2019.08333333333,24,3,2020.25,128
3938012,102,5,87,1,0,1,0.00980392156862745,77,1.16666666666674,31,1,2019.08333333333,15,3,2020.25,87
3939907,22,1,97,11,1,10,0.454545454545455,59,1.08333333333326,1,2,2019.16666666667,19,3,2020.25,97
3940265,116,1,47,5,0,5,0.0431034482758621,218,1,1,2,2019.16666666667,7,2,2020.16666666667,47
3943333,75,1,273,23,5,18,0.24,55,1,2,2,2019.16666666667,21,2,2020.16666666667,273
3964442,77,5,16,0,0,0,0,51,0.916666666666515,9,2,2019.16666666667,10,1,2020.08333333333,16
3969774,54,4,83,11,3,8,0.148148148148148,58,1,11,2,2019.16666666667,11,2,2020.16666666667,83
3974515,50,5,16,0,0,0,0,54,0.916666666666515,13,2,2019.16666666667,2,1,2020.08333333333,16
3975325,40,1,173,25,3,22,0.55,69,0.916666666666515,13,2,2019.16666666667,24,1,2020.08333333333,173
3983858,155,1,1965,190,36,154,0.993548387096774,178,1.08333333333326,16,2,2019.16666666667,28,3,2020.25,1965
3988574,32,5,93,19,1,18,0.5625,80,1,18,2,2019.16666666667,27,2,2020.16666666667,93
3994894,14,1,55,4,2,2,0.142857142857143,53,0.416666666666515,20,2,2019.16666666667,17,7,2019.58333333333,55
3998232,49,1,156,22,4,18,0.36734693877551,85,0.166666666666515,21,2,2019.16666666667,11,4,2019.33333333333,156
4003266,81,5,214,16,4,12,0.148148148148148,50,1.08333333333326,23,2,2019.16666666667,21,3,2020.25,214
4010725,72,4,92,11,1,10,0.138888888888889,52,0.416666666666515,26,2,2019.16666666667,8,7,2019.58333333333,92
4014341,76,2,64,7,1,6,0.0789473684210526,65,1,27,2,2019.16666666667,7,2,2020.16666666667,64
4028320,77,1,906,62,8,54,0.701298701298701,84,1,4,3,2019.25,19,3,2020.25,906
4034509,41,2,322,32,3,29,0.707317073170732,85,1,7,3,2019.25,2,3,2020.25,322
4043732,29,2,44,5,1,4,0.137931034482759,59,1,10,3,2019.25,24,3,2020.25,44
4044225,36,1,92,16,2,14,0.388888888888889,62,1,10,3,2019.25,29,3,2020.25,92
4066058,22,3,93,14,4,10,0.454545454545455,54,0.916666666666742,18,3,2019.25,6,2,2020.16666666667,93
4069778,74,1,117,9,0,9,0.121621621621622,79,1,20,3,2019.25,29,3,2020.25,117
4071794,53,5,467,51,13,38,0.716981132075472,73,1,21,3,2019.25,20,3,2020.25,467
4082528,63,3,147,16,1,15,0.238095238095238,63,1,25,3,2019.25,27,3,2020.25,147
4083616,81,1,1092,96,15,81,1,131,1,25,3,2019.25,20,3,2020.25,1092
4084016,26,1,47,8,1,7,0.269230769230769,54,0.416666666666742,25,3,2019.25,30,8,2019.66666666667,47
4089358,106,2,835,13,2,11,0.10377358490566,108,1,27,3,2019.25,21,3,2020.25,835
4110235,21,2,293,33,10,23,1.0952380952381,69,0.916666666666742,4,4,2019.33333333333,21,3,2020.25,293
4112781,37,4,31,4,1,3,0.0810810810810811,56,0.5,5,4,2019.33333333333,27,10,2019.83333333333,31
4128476,44,1,123,17,5,12,0.272727272727273,56,0.833333333333485,10,4,2019.33333333333,26,2,2020.16666666667,123
4134644,102,1,119,15,3,12,0.117647058823529,95,0.916666666666742,12,4,2019.33333333333,25,3,2020.25,119
4141055,61,2,71,8,0,8,0.131147540983607,57,0.833333333333485,14,4,2019.33333333333,13,2,2020.16666666667,71
4148539,43,2,46,10,4,6,0.13953488372093,64,0.75,17,4,2019.33333333333,3,1,2020.08333333333,46
4153601,25,1,12,0,0,0,0,63,0.5,18,4,2019.33333333333,19,10,2019.83333333333,12
4156656,33,1,22,2,1,1,0.0303030303030303,62,0.916666666666742,19,4,2019.33333333333,12,3,2020.25,22
4159005,33,2,282,36,4,32,0.96969696969697,53,0.75,20,4,2019.33333333333,30,1,2020.08333333333,282
4170462,18,1,240,54,14,40,2.22222222222222,54,0.416666666666742,22,4,2019.33333333333,5,9,2019.75,240
4185482,36,1,16,0,0,0,0,59,0.916666666666742,26,4,2019.33333333333,20,3,2020.25,16
4186089,58,1,205,18,3,15,0.258620689655172,63,0.916666666666742,26,4,2019.33333333333,15,3,2020.25,205
4186544,18,1,44,7,1,6,0.333333333333333,80,0.916666666666742,26,4,2019.33333333333,29,3,2020.25,44
4192287,58,2,122,27,8,19,0.327586206896552,118,0.916666666666742,28,4,2019.33333333333,24,3,2020.25,122
4208531,87,2,101,14,4,10,0.114942528735632,165,0.833333333333258,2,5,2019.41666666667,10,3,2020.25,101
4220696,53,2,19,2,0,2,0.0377358490566038,69,0.583333333333258,5,5,2019.41666666667,27,12,2020,19
4239680,160,1,44,10,0,10,0.0625,217,0.666666666666515,11,5,2019.41666666667,24,1,2020.08333333333,44
4259104,41,1,532,72,16,56,1.36585365853659,62,0.833333333333258,17,5,2019.41666666667,16,3,2020.25,532
4261439,70,2,8,0,0,0,0,67,0.166666666666515,18,5,2019.41666666667,13,7,2019.58333333333,8
4268219,46,1,15,1,0,1,0.0217391304347826,75,0.0833333333332575,20,5,2019.41666666667,14,6,2019.5,15
4271254,103,2,72,7,1,6,0.058252427184466,74,0.75,21,5,2019.41666666667,29,2,2020.16666666667,72
4294071,74,1,286,25,6,19,0.256756756756757,132,0.833333333333258,29,5,2019.41666666667,14,3,2020.25,286
4309916,50,1,332,28,5,23,0.46,66,0.75,3,6,2019.5,9,3,2020.25,332
4319343,34,1,104,11,4,7,0.205882352941176,69,0.666666666666742,6,6,2019.5,21,2,2020.16666666667,104
4329457,16,2,987,99,28,71,4.4375,66,0.583333333333258,10,6,2019.5,15,1,2020.08333333333,987
4361927,52,1,495,49,9,40,0.769230769230769,78,0.75,21,6,2019.5,14,3,2020.25,495
4373509,32,2,118,18,4,14,0.4375,103,0.666666666666742,26,6,2019.5,13,2,2020.16666666667,118
4395823,27,2,297,46,3,43,1.59259259259259,68,0.666666666666742,4,7,2019.58333333333,29,3,2020.25,297
4396645,40,1,122,14,1,13,0.325,74,0.583333333333485,5,7,2019.58333333333,4,2,2020.16666666667,122
4405264,44,2,536,66,19,47,1.06818181818182,61,0.666666666666742,8,7,2019.58333333333,14,3,2020.25,536
4407499,10,1,236,37,0,37,3.7,54,0.583333333333485,9,7,2019.58333333333,13,2,2020.16666666667,236
4421029,36,2,11,0,0,0,0,58,0.5,15,7,2019.58333333333,6,1,2020.08333333333,11
4421099,34,2,71,12,2,10,0.294117647058824,83,0.666666666666742,15,7,2019.58333333333,24,3,2020.25,71
4421250,123,1,145,5,0,5,0.040650406504065,98,0.666666666666742,15,7,2019.58333333333,15,3,2020.25,145
4431203,69,1,87,5,1,4,0.0579710144927536,66,0.666666666666742,19,7,2019.58333333333,23,3,2020.25,87
4437624,22,1,49,1,0,1,0.0454545454545455,64,0.166666666666742,20,7,2019.58333333333,14,9,2019.75,49
4438091,56,1,30,0,0,0,0,80,0.583333333333485,20,7,2019.58333333333,25,2,2020.16666666667,30
4445225,9,1,129,17,1,16,1.77777777777778,54,0.666666666666742,23,7,2019.58333333333,10,3,2020.25,129
4452213,75,5,334,23,7,16,0.213333333333333,71,0.666666666666742,25,7,2019.58333333333,21,3,2020.25,334
4466827,14,1,463,56,11,45,3.21428571428571,75,0.583333333333258,1,8,2019.66666666667,12,3,2020.25,463
4468335,61,1,196,22,2,20,0.327868852459016,124,0.583333333333258,2,8,2019.66666666667,28,3,2020.25,196
4476813,77,2,8,1,0,1,0.012987012987013,96,0.416666666666515,5,8,2019.66666666667,2,1,2020.08333333333,8
4484227,87,5,240,14,3,11,0.126436781609195,82,0.583333333333258,8,8,2019.66666666667,28,3,2020.25,240
4487151,17,1,118,21,0,21,1.23529411764706,58,0.416666666666515,10,8,2019.66666666667,5,1,2020.08333333333,118
4502324,27,2,196,23,1,22,0.814814814814815,58,0.583333333333258,18,8,2019.66666666667,23,3,2020.25,196
4517077,19,1,400,55,2,53,2.78947368421053,90,0.583333333333258,25,8,2019.66666666667,2,3,2020.25,400
4519479,36,1,597,54,3,51,1.41666666666667,94,0.583333333333258,26,8,2019.66666666667,7,3,2020.25,597
4536206,26,1,79,12,1,11,0.423076923076923,65,0.5,1,9,2019.75,5,3,2020.25,79
4563215,17,2,90,10,1,9,0.529411764705882,51,0.5,12,9,2019.75,19,3,2020.25,90
4587319,20,2,481,105,41,64,3.2,63,0.416666666666742,22,9,2019.75,24,2,2020.16666666667,481
4593222,36,1,478,62,4,58,1.61111111111111,61,0.416666666666742,24,9,2019.75,21,2,2020.16666666667,478
4602137,38,1,110,13,4,9,0.236842105263158,75,0.5,27,9,2019.75,25,3,2020.25,110
4602784,78,1,524,34,3,31,0.397435897435897,115,0.5,27,9,2019.75,15,3,2020.25,524
4624363,14,1,207,31,2,29,2.07142857142857,50,0.333333333333485,6,10,2019.83333333333,29,2,2020.16666666667,207
4637239,130,1,999,191,57,134,1.03076923076923,378,0.416666666666742,12,10,2019.83333333333,15,3,2020.25,999
4666282,102,1,236,10,4,6,0.0588235294117647,110,0.333333333333485,25,10,2019.83333333333,7,2,2020.16666666667,236
4670931,12,1,285,44,1,43,3.58333333333333,67,0.416666666666742,27,10,2019.83333333333,18,3,2020.25,285
4672134,12,1,323,60,0,60,5,62,0.416666666666742,28,10,2019.83333333333,23,3,2020.25,323
4674947,9,1,201,36,10,26,2.88888888888889,57,0.416666666666742,29,10,2019.83333333333,19,3,2020.25,201
4689305,10,1,390,60,6,54,5.4,50,0.333333333333258,5,11,2019.91666666667,24,3,2020.25,390
4691164,57,5,2,0,0,0,0,74,0.166666666666515,6,11,2019.91666666667,2,1,2020.08333333333,2
4716450,149,2,1714,244,47,197,1.32214765100671,254,0.333333333333258,19,11,2019.91666666667,29,3,2020.25,1714
4735263,36,4,180,11,2,9,0.25,68,0.333333333333258,28,11,2019.91666666667,16,3,2020.25,180
4741034,36,1,356,32,3,29,0.805555555555556,60,0.25,1,12,2020,20,3,2020.25,356
4742319,73,2,878,73,15,58,0.794520547945205,64,0.25,2,12,2020,27,3,2020.25,878
4743859,14,2,1521,234,42,192,13.7142857142857,60,0.25,3,12,2020,7,3,2020.25,1521
4747673,25,1,328,36,2,34,1.36,66,0.25,5,12,2020,1,3,2020.25,328
4763096,24,1,490,59,6,53,2.20833333333333,57,0.25,13,12,2020,20,3,2020.25,490
4765137,31,2,133,14,2,12,0.387096774193548,64,0.25,14,12,2020,27,3,2020.25,133
4766862,42,3,406,40,7,33,0.785714285714286,89,0.166666666666742,15,12,2020,20,2,2020.16666666667,406
4768169,24,2,537,81,35,46,1.91666666666667,54,0.25,16,12,2020,29,3,2020.25,537
4769791,54,1,1159,122,12,110,2.03703703703704,134,0.25,17,12,2020,25,3,2020.25,1159
4780735,28,1,275,46,0,46,1.64285714285714,56,0.25,23,12,2020,8,3,2020.25,275
4784091,199,5,1876,59,13,46,0.231155778894472,84,0.25,25,12,2020,20,3,2020.25,1876
4788433,27,1,432,67,1,66,2.44444444444444,104,0.0833333333332575,27,12,2020,12,1,2020.08333333333,432
4798500,44,3,1465,140,20,120,2.72727272727273,115,0.166666666666742,3,1,2020.08333333333,24,3,2020.25,1465
4800615,94,2,885,65,13,52,0.553191489361702,52,0.166666666666742,4,1,2020.08333333333,15,3,2020.25,885
4802116,20,1,1518,183,66,117,5.85,55,0.166666666666742,5,1,2020.08333333333,26,3,2020.25,1518
4816487,42,2,677,100,2,98,2.33333333333333,87,0.166666666666742,13,1,2020.08333333333,26,3,2020.25,677
4847983,14,1,365,52,3,49,3.5,50,0.0833333333334849,31,1,2020.08333333333,24,2,2020.16666666667,365
4863482,11,1,624,118,39,79,7.18181818181818,81,0.0833333333332575,9,2,2020.16666666667,13,3,2020.25,624
4871708,26,5,566,60,3,57,2.19230769230769,57,0.0833333333332575,13,2,2020.16666666667,18,3,2020.25,566
4872583,21,1,625,79,13,66,3.14285714285714,59,0.0833333333332575,13,2,2020.16666666667,25,3,2020.25,625
4882478,37,2,575,57,6,51,1.37837837837838,50,0.0833333333332575,19,2,2020.16666666667,21,3,2020.25,575
4884892,26,1,819,87,13,74,2.84615384615385,55,0,21,2,2020.16666666667,26,2,2020.16666666667,819
4889349,109,1,2539,253,87,166,1.52293577981651,75,0.0833333333332575,24,2,2020.16666666667,26,3,2020.25,2539
4930388,3,4,322,68,1,67,22.3333333333333,67,0,17,3,2020.25,27,3,2020.25,322
